Activity Type,Date,Distance,Calories,Time,Avg HR,Max HR,Avg Run Cadence,Max Run Cadence,Avg Pace,Best Pace,Total Ascent,Total Descent,Avg Stride Length,Number of Laps,Moving Time,Elapsed Time,Min Elevation,Max Elevation,Avg Pace_min,time_in_minutes,year,month,day
Running,2024-06-08 17:48:00,9.19,583.0,2024-08-12 01:00:08,155.0,170.0,182.0,200.0,,,15.0,60.0,0.84,10.0,2024-08-12 01:00:03,2024-08-12 01:00:08,192.0,243.0,,,2024,6,8
Running,2024-01-08 07:51:00,1.01,58.0,2024-08-12 07:32:30,122.0,136.0,176.0,183.0,,,2.0,,0.76,2.0,2024-08-12 00:07:27,2024-08-12 07:32:30,-101.0,-98.0,,,2024,1,8
Running,2024-07-31 07:33:00,9.02,540.0,2024-08-12 01:01:00,143.0,160.0,176.0,183.0,,,33.0,43.0,0.84,10.0,2024-08-12 01:00:57,2024-08-12 01:01:00,-82.0,-59.0,,,2024,7,31
Running,2024-07-29 07:48:00,6.18,406.0,2024-08-12 00:40:37,152.0,171.0,183.0,189.0,,,22.0,32.0,0.83,7.0,2024-08-12 00:40:29,2024-08-12 00:40:37,-17.0,5.0,,,2024,7,29
Running,2024-07-28 07:15:00,5.11,305.0,2024-08-12 00:30:08,150.0,172.0,176.0,183.0,,,34.0,122.0,0.96,6.0,2024-08-12 00:30:06,2024-08-12 00:30:08,-147.0,-31.0,,,2024,7,28
Running,2024-07-27 16:13:00,5.71,408.0,2024-08-12 00:35:23,164.0,192.0,176.0,183.0,,,54.0,50.0,0.92,6.0,2024-08-12 00:35:14,2024-08-12 00:35:23,-63.0,-45.0,,,2024,7,27
Running,2024-07-22 07:16:00,1.09,67.0,2024-08-12 07:46:18,139.0,151.0,175.0,185.0,,,3.0,8.0,0.8,2.0,2024-08-12 00:07:45,2024-08-12 07:46:18,-54.0,163.0,,,2024,7,22
Running,2024-07-21 07:15:00,10.03,628.0,2024-08-12 01:00:21,154.0,169.0,177.0,189.0,,,20.0,71.0,0.94,11.0,2024-08-12 01:00:11,2024-08-12 01:00:21,-100.0,-42.0,,,2024,7,21
Running,2024-07-16 18:18:00,4.63,295.0,2024-08-12 00:30:09,153.0,174.0,177.0,191.0,,,2.0,57.0,0.87,5.0,2024-08-12 00:30:04,2024-08-12 00:30:09,71.0,129.0,,,2024,7,16
Running,2024-07-13 07:30:00,3.84,297.0,2024-08-12 00:40:12,132.0,150.0,132.0,244.0,,,4.0,46.0,0.72,4.0,2024-08-12 00:40:01,2024-08-12 00:40:13,74.0,117.0,,,2024,7,13
Running,2024-12-07 17:00:00,8.02,498.0,2024-08-12 00:53:15,147.0,163.0,183.0,193.0,,,19.0,64.0,0.82,9.0,2024-08-12 00:53:10,2024-08-12 00:53:15,100.0,150.0,,,2024,12,7
Running,2024-11-07 05:32:00,6.0,466.0,2024-08-12 00:41:12,166.0,190.0,173.0,183.0,,,4.0,68.0,0.84,7.0,2024-08-12 00:41:05,2024-08-12 00:41:12,99.0,169.0,,,2024,11,7
Running,2024-08-07 13:15:00,5.03,294.0,2024-08-12 00:42:10,117.0,154.0,132.0,249.0,,,22.0,28.0,0.92,6.0,2024-08-12 00:42:08,2024-08-12 00:42:36,146.0,163.0,,,2024,8,7
Running,2024-06-22 08:20:00,3.01,161.0,2024-08-12 00:16:47,140.0,159.0,178.0,187.0,,,4.0,45.0,1.01,4.0,2024-08-12 00:16:46,2024-08-12 00:16:47,100.0,146.0,,,2024,6,22
Running,2024-06-21 05:49:00,4.11,241.0,2024-08-12 00:23:45,149.0,166.0,182.0,197.0,,,2.0,61.0,0.95,5.0,2024-08-12 00:23:38,2024-08-12 00:23:45,79.0,143.0,,,2024,6,21
Running,2024-06-20 17:47:00,3.29,193.0,2024-08-12 00:18:17,152.0,168.0,183.0,198.0,,,2.0,41.0,0.98,4.0,2024-08-12 00:18:17,2024-08-12 00:18:17,179.0,221.0,,,2024,6,20
Running,2024-06-13 04:07:00,12.01,695.0,2024-08-12 01:09:54,148.0,164.0,178.0,185.0,,,31.0,98.0,0.97,13.0,2024-08-12 01:09:50,2024-08-12 01:09:54,126.0,197.0,,,2024,6,13
Running,2024-12-06 05:02:00,8.02,430.0,2024-08-12 00:46:01,143.0,160.0,183.0,191.0,,,68.0,198.0,0.95,9.0,2024-08-12 00:45:52,2024-08-12 00:46:01,-5.0,184.0,,,2024,12,6
Running,2024-10-06 21:57:00,6.23,299.0,2024-08-12 00:35:16,131.0,152.0,183.0,198.0,,,4.0,75.0,0.96,7.0,2024-08-12 00:35:07,2024-08-12 00:35:16,87.0,165.0,,,2024,10,6
Running,2024-08-06 04:32:00,17.06,987.0,2024-08-12 01:35:41,156.0,170.0,182.0,195.0,,,118.0,215.0,0.98,18.0,2024-08-12 01:35:36,2024-08-12 01:35:41,-11.0,141.0,,,2024,8,6
Running,2024-05-06 05:25:00,4.09,260.0,2024-08-12 00:26:03,154.0,169.0,177.0,185.0,,,7.0,67.0,0.89,5.0,2024-08-12 00:25:58,2024-08-12 00:26:03,91.0,159.0,,,2024,5,6
Running,2024-04-06 04:57:00,11.05,647.0,2024-08-12 01:05:48,152.0,174.0,183.0,191.0,,,21.0,115.0,0.92,12.0,2024-08-12 01:05:42,2024-08-12 01:05:48,52.0,154.0,,,2024,4,6
Running,2024-03-06 17:34:00,4.05,214.0,2024-08-12 00:23:38,135.0,149.0,177.0,187.0,,,2.0,68.0,0.97,5.0,2024-08-12 00:23:32,2024-08-12 00:23:38,88.0,158.0,,,2024,3,6
Running,2024-01-06 04:41:00,14.12,818.0,2024-08-12 01:20:26,152.0,178.0,183.0,195.0,,,36.0,130.0,0.96,15.0,2024-08-12 01:20:21,2024-08-12 01:20:26,21.0,123.0,,,2024,1,6
Running,2024-05-31 05:30:00,6.24,367.0,2024-08-12 00:34:50,155.0,172.0,184.0,198.0,,,7.0,75.0,0.98,7.0,2024-08-12 00:34:40,2024-08-12 00:34:50,17.0,91.0,,,2024,5,31
Running,2024-05-30 05:03:00,9.63,602.0,2024-08-12 00:57:47,155.0,175.0,182.0,191.0,,,9.0,114.0,0.92,10.0,2024-08-12 00:57:40,2024-08-12 00:57:47,-45.0,61.0,,,2024,5,30
Running,2024-05-28 05:03:00,11.03,643.0,2024-08-12 00:58:27,158.0,175.0,180.0,189.0,,,18.0,99.0,1.05,12.0,2024-08-12 00:58:16,2024-08-12 00:58:27,-11.0,78.0,,,2024,5,28
Running,2024-05-24 07:08:00,8.28,453.0,2024-08-12 00:45:14,150.0,168.0,180.0,189.0,,,93.0,301.0,1.02,9.0,2024-08-12 00:45:06,2024-08-12 00:45:14,-63.0,191.0,,,2024,5,24
Running,2024-05-23 05:58:00,4.02,220.0,2024-08-12 00:22:20,152.0,162.0,186.0,197.0,,,13.0,162.0,0.97,5.0,2024-08-12 00:22:13,2024-08-12 00:22:20,70.0,234.0,,,2024,5,23
Running,2024-05-22 05:29:00,7.02,440.0,2024-08-12 00:42:09,156.0,176.0,178.0,185.0,,,13.0,181.0,0.94,8.0,2024-08-12 00:42:00,2024-08-12 00:42:09,8.0,190.0,,,2024,5,22
Running,2024-05-21 05:11:00,3.24,179.0,2024-08-12 00:19:35,143.0,159.0,183.0,195.0,,,,164.0,0.9,4.0,2024-08-12 00:19:33,2024-08-12 00:19:35,-21.0,147.0,,,2024,5,21
Running,2024-05-19 05:32:00,10.11,534.0,2024-08-12 00:49:49,156.0,170.0,178.0,191.0,,,135.0,217.0,1.14,11.0,2024-08-12 00:49:44,2024-08-12 00:49:49,46.0,150.0,,,2024,5,19
Running,2024-05-16 20:44:00,6.04,351.0,2024-08-12 00:37:16,143.0,164.0,176.0,195.0,,,4.0,84.0,0.92,7.0,2024-08-12 00:37:14,2024-08-12 00:37:16,91.0,169.0,,,2024,5,16
Running,2024-05-15 06:08:00,4.59,280.0,2024-08-12 00:27:59,152.0,168.0,179.0,187.0,,,2.0,85.0,0.92,5.0,2024-08-12 00:27:58,2024-08-12 00:27:59,69.0,157.0,,,2024,5,15
Running,2024-05-14 07:09:00,7.31,397.0,2024-08-12 00:41:24,143.0,168.0,184.0,195.0,,,13.0,75.0,0.96,8.0,2024-08-12 00:41:21,2024-08-12 00:41:24,85.0,154.0,,,2024,5,14
Running,2024-05-13 05:06:00,7.54,471.0,2024-08-12 00:46:27,152.0,176.0,185.0,195.0,,,24.0,98.0,0.88,8.0,2024-08-12 00:46:26,2024-08-12 00:46:27,67.0,149.0,,,2024,5,13
Running,2024-09-05 07:01:00,2.17,105.0,2024-08-12 00:11:22,138.0,158.0,176.0,193.0,,,6.0,66.0,1.08,3.0,2024-08-12 00:11:22,2024-08-12 00:11:22,864.0,927.0,,,2024,9,5
Running,2024-07-05 04:35:00,15.34,881.0,2024-08-12 01:26:29,151.0,176.0,181.0,195.0,,,56.0,125.0,0.98,16.0,2024-08-12 01:26:21,2024-08-12 01:26:29,255.0,337.0,,,2024,7,5
Running,2024-06-05 17:25:00,5.17,297.0,2024-08-12 00:28:38,151.0,166.0,175.0,187.0,,,7.0,77.0,1.03,6.0,2024-08-12 00:28:36,2024-08-12 00:28:38,269.0,344.0,,,2024,6,5
Running,2024-05-05 05:00:00,5.32,317.0,2024-08-12 00:32:41,148.0,167.0,182.0,191.0,,,15.0,96.0,0.89,6.0,2024-08-12 00:32:38,2024-08-12 00:32:41,187.0,288.0,,,2024,5,5
Running,2024-03-05 04:56:00,12.02,722.0,2024-08-12 01:09:45,153.0,170.0,180.0,189.0,,,40.0,120.0,0.96,13.0,2024-08-12 01:09:40,2024-08-12 01:09:45,137.0,220.0,,,2024,3,5
Running,2024-02-05 07:11:00,6.18,334.0,2024-08-12 00:34:52,143.0,157.0,179.0,189.0,,,19.0,152.0,0.99,7.0,2024-08-12 00:34:50,2024-08-12 00:34:52,72.0,211.0,,,2024,2,5
Running,2024-01-05 05:02:00,7.06,404.0,2024-08-12 00:43:13,141.0,163.0,181.0,187.0,,,23.0,98.0,0.9,8.0,2024-08-12 00:43:03,2024-08-12 00:43:13,148.0,224.0,,,2024,1,5
Running,2024-04-30 04:20:00,7.36,441.0,2024-08-12 00:43:34,149.0,164.0,184.0,193.0,,,24.0,83.0,0.92,8.0,2024-08-12 00:43:32,2024-08-12 00:43:34,126.0,196.0,,,2024,4,30
Running,2024-04-26 05:01:00,8.08,504.0,2024-08-12 00:48:37,155.0,172.0,178.0,191.0,,,43.0,177.0,0.93,9.0,2024-08-12 00:48:34,2024-08-12 00:48:37,12.0,154.0,,,2024,4,26
Running,2024-04-25 04:21:00,16.27,,2024-08-12 01:34:07,165.0,193.0,177.0,187.0,,,65.0,151.0,0.97,17.0,2024-08-12 01:34:01,2024-08-12 01:34:07,72.0,156.0,,,2024,4,25
Running,2024-04-24 05:03:00,7.06,413.0,2024-08-12 00:39:24,152.0,176.0,183.0,191.0,,,24.0,87.0,0.98,8.0,2024-08-12 00:39:21,2024-08-12 00:39:24,18.0,103.0,,,2024,4,24
Running,2024-04-23 04:56:00,11.02,627.0,2024-08-12 01:01:10,152.0,169.0,182.0,191.0,,,46.0,110.0,0.99,12.0,2024-08-12 01:01:02,2024-08-12 01:01:10,68.0,136.0,,,2024,4,23
Running,2024-04-22 17:53:00,6.17,337.0,2024-08-12 00:33:21,148.0,164.0,177.0,197.0,,,21.0,84.0,1.04,7.0,2024-08-12 00:33:17,2024-08-12 00:33:21,75.0,151.0,,,2024,4,22
Running,2024-04-20 05:55:00,4.12,233.0,2024-08-12 00:23:57,147.0,170.0,175.0,189.0,,,,84.0,0.98,5.0,2024-08-12 00:23:56,2024-08-12 00:23:57,29.0,118.0,,,2024,4,20
Running,2024-04-19 05:01:00,14.07,826.0,2024-08-12 01:20:07,154.0,167.0,172.0,181.0,,,43.0,137.0,1.02,15.0,2024-08-12 01:19:56,2024-08-12 01:20:07,8.0,106.0,,,2024,4,19
Running,2024-04-18 04:59:00,8.34,457.0,2024-08-12 00:44:30,152.0,170.0,177.0,189.0,,,11.0,112.0,1.06,9.0,2024-08-12 00:44:24,2024-08-12 00:44:30,44.0,146.0,,,2024,4,18
Running,2024-04-17 06:15:00,5.02,274.0,2024-08-12 00:27:37,149.0,158.0,180.0,189.0,,,4.0,94.0,1.01,6.0,2024-08-12 00:27:34,2024-08-12 00:27:37,48.0,139.0,,,2024,4,17
Running,2024-04-16 22:01:00,2.44,159.0,2024-08-12 00:16:29,152.0,179.0,166.0,173.0,,,,70.0,0.89,3.0,2024-08-12 00:16:29,2024-08-12 00:16:29,108.0,181.0,,,2024,4,16
Running,2024-04-15 05:16:00,10.7,566.0,2024-08-12 00:59:32,144.0,164.0,178.0,187.0,,,22.0,207.0,1.01,11.0,2024-08-12 00:59:25,2024-08-12 00:59:32,-44.0,147.0,,,2024,4,15
Running,2024-04-14 21:16:00,4.11,289.0,2024-08-12 00:26:09,163.0,183.0,168.0,181.0,,,2.0,82.0,0.94,5.0,2024-08-12 00:26:07,2024-08-12 00:26:09,65.0,147.0,,,2024,4,14
Running,2024-04-13 07:43:00,8.05,441.0,2024-08-12 00:46:25,144.0,163.0,172.0,185.0,,,34.0,71.0,1.01,9.0,2024-08-12 00:46:22,2024-08-12 00:46:25,135.0,182.0,,,2024,4,13
Running,2024-11-04 18:29:00,5.39,280.0,2024-08-12 00:31:01,136.0,158.0,174.0,195.0,,,10.0,74.0,1.0,6.0,2024-08-12 00:30:55,2024-08-12 00:31:01,79.0,145.0,,,2024,11,4
Running,2024-09-04 05:19:00,10.25,595.0,2024-08-12 00:56:04,155.0,169.0,178.0,187.0,,,68.0,221.0,1.03,11.0,2024-08-12 00:55:52,2024-08-12 00:56:04,-62.0,97.0,,,2024,9,4
Running,2024-06-04 05:24:00,6.39,369.0,2024-08-12 00:37:11,148.0,171.0,177.0,187.0,,,11.0,91.0,0.97,7.0,2024-08-12 00:37:05,2024-08-12 00:37:11,52.0,137.0,,,2024,6,4
Running,2024-05-04 05:07:00,8.27,507.0,2024-08-12 00:47:55,157.0,169.0,177.0,185.0,,,24.0,76.0,0.98,9.0,2024-08-12 00:47:50,2024-08-12 00:47:55,2.0,58.0,,,2024,5,4
Running,2024-04-04 05:12:00,6.52,394.0,2024-08-12 00:39:30,147.0,162.0,177.0,187.0,,,53.0,186.0,0.93,7.0,2024-08-12 00:39:25,2024-08-12 00:39:30,-9.0,155.0,,,2024,4,4
Running,2024-03-28 05:01:00,14.03,794.0,2024-08-12 01:18:06,152.0,167.0,178.0,193.0,,,48.0,181.0,1.01,15.0,2024-08-12 01:17:56,2024-08-12 01:18:06,-24.0,109.0,,,2024,3,28
Running,2024-03-26 05:07:00,8.14,468.0,2024-08-12 00:48:56,144.0,160.0,175.0,187.0,,,34.0,193.0,0.95,9.0,2024-08-12 00:48:45,2024-08-12 00:48:56,2.0,174.0,,,2024,3,26
Running,2024-03-25 05:19:00,8.29,437.0,2024-08-12 00:46:52,140.0,159.0,177.0,191.0,,,20.0,150.0,1.0,9.0,2024-08-12 00:46:49,2024-08-12 00:46:52,-4.0,124.0,,,2024,3,25
Running,2024-03-24 21:01:00,8.87,479.0,2024-08-12 00:49:32,144.0,165.0,176.0,193.0,,,16.0,140.0,1.02,9.0,2024-08-12 00:49:22,2024-08-12 00:49:32,-40.0,89.0,,,2024,3,24
Running,2024-03-23 07:04:00,6.27,387.0,2024-08-12 00:36:21,155.0,169.0,172.0,181.0,,,19.0,79.0,1.0,7.0,2024-08-12 00:36:11,2024-08-12 00:36:21,-30.0,34.0,,,2024,3,23
Running,2024-03-22 06:13:00,1.66,84.0,2024-08-12 09:51:06,132.0,146.0,174.0,189.0,,,2.0,44.0,0.97,2.0,2024-08-12 00:09:45,2024-08-12 09:51:06,60.0,106.0,,,2024,3,22
Running,2024-03-20 06:33:00,8.37,513.0,2024-08-12 00:48:51,154.0,167.0,170.0,179.0,,,30.0,182.0,1.01,9.0,2024-08-12 00:48:22,2024-08-12 00:48:51,-5.0,147.0,,,2024,3,20
Running,2024-03-18 21:35:00,6.29,377.0,2024-08-12 00:36:37,151.0,181.0,174.0,188.0,,,26.0,57.0,0.99,7.0,2024-08-12 00:36:36,2024-08-12 00:36:37,-101.0,-64.0,,,2024,3,18
Running,2024-03-17 21:25:00,5.39,298.0,2024-08-12 00:31:57,138.0,154.0,173.0,198.0,,,27.0,42.0,0.97,6.0,2024-08-12 00:31:52,2024-08-12 00:31:57,-97.0,-69.0,,,2024,3,17
Running,2024-03-15 07:34:00,6.02,358.0,2024-08-12 00:32:55,155.0,186.0,168.0,177.0,,,14.0,61.0,1.09,7.0,2024-08-12 00:32:54,2024-08-12 00:32:55,-38.0,16.0,,,2024,3,15
Running,2024-03-13 21:36:00,10.02,535.0,2024-08-12 00:53:40,145.0,165.0,171.0,181.0,,,71.0,30.0,1.09,11.0,2024-08-12 00:53:29,2024-08-12 00:53:40,-78.0,-3.0,,,2024,3,13
Running,2024-09-03 06:28:00,16.24,868.0,2024-08-12 01:30:44,148.0,168.0,177.0,191.0,,,73.0,91.0,1.01,17.0,2024-08-12 01:30:33,2024-08-12 01:30:44,-74.0,-28.0,,,2024,9,3
Running,2024-08-03 07:29:00,10.13,636.0,2024-08-12 00:59:45,156.0,176.0,175.0,189.0,,,55.0,90.0,0.97,11.0,2024-08-12 00:59:12,2024-08-12 00:59:45,-34.0,10.0,,,2024,8,3
Running,2024-05-03 22:00:00,5.54,297.0,2024-08-12 00:32:12,139.0,155.0,168.0,181.0,,,13.0,58.0,1.02,6.0,2024-08-12 00:32:09,2024-08-12 00:32:12,3.0,52.0,,,2024,5,3
Running,2024-02-29 07:05:00,8.02,515.0,2024-08-12 00:49:21,155.0,185.0,166.0,181.0,,,47.0,186.0,0.98,9.0,2024-08-12 00:47:51,2024-08-12 00:49:21,0.0,149.0,,,2024,2,29
Running,2024-02-28 17:51:00,5.26,301.0,2024-08-12 00:29:49,150.0,162.0,169.0,181.0,,,10.0,53.0,1.04,6.0,2024-08-12 00:29:26,2024-08-12 00:29:49,92.0,140.0,,,2024,2,28
Running,2024-02-27 06:20:00,10.04,602.0,2024-08-12 00:58:31,150.0,167.0,171.0,185.0,,,72.0,125.0,1.0,11.0,2024-08-12 00:58:21,2024-08-12 00:58:31,22.0,128.0,,,2024,2,27
Running,2024-02-25 06:36:00,8.02,430.0,2024-08-12 00:52:56,133.0,153.0,178.0,189.0,,,16.0,58.0,0.85,9.0,2024-08-12 00:52:46,2024-08-12 00:52:56,-51.0,4.0,,,2024,2,25
Running,2024-02-24 07:01:00,15.12,972.0,2024-08-12 01:28:08,160.0,190.0,173.0,183.0,,,75.0,153.0,0.99,16.0,2024-08-12 01:27:55,2024-08-12 01:28:08,-95.0,-10.0,,,2024,2,24
Running,2024-02-21 21:29:00,6.02,370.0,2024-08-12 00:36:13,151.0,165.0,177.0,187.0,,,25.0,56.0,0.94,7.0,2024-08-12 00:36:06,2024-08-12 00:36:13,88.0,127.0,,,2024,2,21
Running,2024-02-20 20:55:00,8.09,496.0,2024-08-12 00:45:43,156.0,171.0,175.0,193.0,,,19.0,46.0,1.01,9.0,2024-08-12 00:45:35,2024-08-12 00:45:43,107.0,144.0,,,2024,2,20
Running,2024-02-17 07:57:00,7.1,390.0,2024-08-12 00:39:34,145.0,162.0,177.0,193.0,,,25.0,59.0,1.02,8.0,2024-08-12 00:39:29,2024-08-12 00:39:34,137.0,189.0,,,2024,2,17
Running,2024-02-15 17:13:00,5.43,319.0,2024-08-12 00:30:39,151.0,177.0,171.0,181.0,,,14.0,38.0,1.04,6.0,2024-08-12 00:30:38,2024-08-12 00:30:39,169.0,196.0,,,2024,2,15
Running,2024-02-14 05:20:00,6.23,351.0,2024-08-12 00:34:33,147.0,171.0,176.0,191.0,,,15.0,60.0,1.02,7.0,2024-08-12 00:34:24,2024-08-12 00:34:33,153.0,205.0,,,2024,2,14
Running,2024-09-02 19:39:00,10.13,631.0,2024-08-12 01:00:13,155.0,171.0,174.0,196.0,,,57.0,103.0,0.97,11.0,2024-08-12 01:00:03,2024-08-12 01:00:13,33.0,88.0,,,2024,9,2
Running,2024-07-02 19:47:00,5.3,343.0,2024-08-12 00:37:57,143.0,167.0,167.0,175.0,,,24.0,87.0,0.83,6.0,2024-08-12 00:37:50,2024-08-12 00:37:57,45.0,114.0,,,2024,7,2
Running,2024-06-02 06:27:00,6.32,445.0,2024-08-12 00:37:06,166.0,179.0,178.0,193.0,,,7.0,79.0,0.96,7.0,2024-08-12 00:37:04,2024-08-12 00:37:06,51.0,132.0,,,2024,6,2
Running,2024-05-02 07:02:00,4.52,288.0,2024-08-12 00:25:47,155.0,181.0,178.0,191.0,,,5.0,181.0,0.98,5.0,2024-08-12 00:25:45,2024-08-12 00:25:47,-15.0,146.0,,,2024,5,2
Running,2024-01-30 20:40:00,5.55,310.0,2024-08-12 00:31:11,142.0,160.0,175.0,200.0,,,37.0,73.0,1.01,6.0,2024-08-12 00:31:03,2024-08-12 00:31:11,52.0,104.0,,,2024,1,30
Running,2024-01-27 07:35:00,5.53,294.0,2024-08-12 00:29:20,142.0,156.0,182.0,197.0,,,16.0,51.0,1.03,6.0,2024-08-12 00:29:13,2024-08-12 00:29:20,104.0,145.0,,,2024,1,27
Running,2024-01-20 07:17:00,3.02,159.0,2024-08-12 00:15:30,147.0,164.0,183.0,200.0,,,5.0,61.0,1.06,4.0,2024-08-12 00:15:28,2024-08-12 00:15:30,-22.0,39.0,,,2024,1,20
Running,2024-01-19 19:49:00,6.02,318.0,2024-08-12 00:32:45,144.0,163.0,183.0,200.0,,,11.0,47.0,1.01,7.0,2024-08-12 00:32:33,2024-08-12 00:32:45,-12.0,31.0,,,2024,1,19
Running,2024-01-18 05:25:00,12.01,718.0,2024-08-12 01:10:59,149.0,164.0,183.0,193.0,,,48.0,110.0,0.93,13.0,2024-08-12 01:10:46,2024-08-12 01:11:06,75.0,141.0,,,2024,1,18
Running,2024-01-13 06:56:00,10.72,687.0,2024-08-12 01:05:00,157.0,173.0,177.0,195.0,,,27.0,61.0,0.93,11.0,2024-08-12 01:04:58,2024-08-12 01:05:00,115.0,156.0,,,2024,1,13
Running,2024-11-01 17:55:00,10.1,561.0,2024-08-12 00:58:52,148.0,170.0,171.0,198.0,,,45.0,87.0,1.0,11.0,2024-08-12 00:57:18,2024-08-12 00:58:52,109.0,157.0,,,2024,11,1
Running,2024-10-01 17:57:00,3.31,193.0,2024-08-12 00:19:20,146.0,164.0,167.0,181.0,,,7.0,46.0,1.03,4.0,2024-08-12 00:19:19,2024-08-12 00:19:20,168.0,213.0,,,2024,10,1
Running,2024-08-01 21:06:00,6.06,425.0,2024-08-12 00:40:48,148.0,163.0,174.0,191.0,,,20.0,58.0,0.86,7.0,2024-08-12 00:40:47,2024-08-12 00:40:48,157.0,195.0,,,2024,8,1
Running,2024-05-01 05:59:00,3.95,264.0,2024-08-12 00:27:41,149.0,167.0,172.0,245.0,,,,55.0,0.83,4.0,2024-08-12 00:27:32,2024-08-12 00:27:41,97.0,154.0,,,2024,5,1
Running,2024-04-01 21:06:00,8.14,513.0,2024-08-12 00:46:24,157.0,176.0,179.0,193.0,,,13.0,55.0,0.98,9.0,2024-08-12 00:46:23,2024-08-12 00:46:24,147.0,211.0,,,2024,4,1
Running,2024-02-01 21:20:00,5.15,314.0,2024-08-12 00:29:25,151.0,166.0,176.0,193.0,,,9.0,49.0,0.99,6.0,2024-08-12 00:29:18,2024-08-12 00:29:46,64.0,112.0,,,2024,2,1
Running,2023-12-28 11:24:00,1.11,65.0,2024-08-12 00:10:30,116.0,130.0,147.0,181.0,,,9.0,20.0,0.73,2.0,2024-08-12 00:10:10,2024-08-12 00:10:30,96.0,116.0,,,2023,12,28
Running,2023-12-28 06:45:00,10.39,635.0,2024-08-12 00:58:59,154.0,167.0,177.0,186.0,,,28.0,148.0,0.99,11.0,2024-08-12 00:58:46,2024-08-12 00:58:59,-64.0,62.0,,,2023,12,28
Running,2023-12-27 17:25:00,7.41,351.0,2024-08-12 00:39:43,137.0,162.0,176.0,200.0,,,18.0,61.0,1.06,8.0,2024-08-12 00:37:57,2024-08-12 00:39:43,38.0,93.0,,,2023,12,27
Running,2023-12-26 17:19:00,4.4,254.0,2024-08-12 00:25:32,145.0,160.0,180.0,198.0,,,19.0,64.0,0.96,5.0,2024-08-12 00:25:19,2024-08-12 00:25:32,58.0,104.0,,,2023,12,26
Running,2023-12-22 06:52:00,8.21,493.0,2024-08-12 00:47:15,152.0,168.0,181.0,191.0,,,50.0,211.0,0.96,9.0,2024-08-12 00:47:10,2024-08-12 00:47:15,-30.0,136.0,,,2023,12,22
Running,2023-12-21 18:07:00,4.22,233.0,2024-08-12 00:23:12,143.0,163.0,182.0,200.0,,,96.0,230.0,1.0,5.0,2024-08-12 00:23:11,2024-08-12 00:23:12,-54.0,160.0,,,2023,12,21
Running,2023-12-20 20:52:00,5.21,290.0,2024-08-12 00:30:24,141.0,160.0,170.0,189.0,,,24.0,80.0,1.01,6.0,2024-08-12 00:30:23,2024-08-12 00:30:24,85.0,154.0,,,2023,12,20
Running,2023-12-19 06:45:00,5.41,350.0,2024-08-12 00:33:41,152.0,164.0,171.0,183.0,,,10.0,81.0,0.94,6.0,2024-08-12 00:33:33,2024-08-12 00:33:41,40.0,116.0,,,2023,12,19
Running,2023-12-17 07:55:00,8.19,450.0,2024-08-12 00:40:50,157.0,180.0,178.0,196.0,,,22.0,105.0,1.13,9.0,2024-08-12 00:40:47,2024-08-12 00:40:50,-52.0,43.0,,,2023,12,17
Running,2023-12-15 06:43:00,5.16,271.0,2024-08-12 00:28:53,139.0,158.0,172.0,183.0,,,4.0,82.0,1.04,6.0,2024-08-12 00:28:43,2024-08-12 00:28:53,78.0,161.0,,,2023,12,15
Running,2023-12-13 06:28:00,4.2,226.0,2024-08-12 00:23:52,140.0,164.0,170.0,177.0,,,2.0,72.0,1.04,5.0,2024-08-12 00:23:47,2024-08-12 00:23:52,59.0,133.0,,,2023,12,13
Running,2023-11-12 07:27:00,4.15,228.0,2024-08-12 00:23:28,142.0,157.0,168.0,177.0,,,6.0,53.0,1.05,5.0,2024-08-12 00:23:17,2024-08-12 00:23:28,90.0,257.0,,,2023,11,12
Running,2023-09-12 06:38:00,6.04,355.0,2024-08-12 00:34:06,153.0,171.0,174.0,193.0,,,40.0,94.0,1.02,7.0,2024-08-12 00:33:57,2024-08-12 00:34:06,189.0,276.0,,,2023,9,12
Running,2023-08-12 06:16:00,8.09,446.0,2024-08-12 00:44:02,151.0,173.0,176.0,193.0,,,11.0,75.0,1.04,9.0,2024-08-12 00:43:52,2024-08-12 00:44:02,179.0,249.0,,,2023,8,12
Running,2023-07-12 16:59:00,3.13,207.0,2024-08-12 00:21:24,145.0,172.0,168.0,183.0,,,2.0,51.0,0.87,4.0,2024-08-12 00:21:16,2024-08-12 00:21:24,162.0,217.0,,,2023,7,12
Running,2023-06-12 06:15:00,4.02,234.0,2024-08-12 00:22:53,153.0,180.0,170.0,181.0,,,2.0,153.0,1.03,5.0,2024-08-12 00:22:52,2024-08-12 00:22:53,84.0,240.0,,,2023,6,12
Running,2023-05-12 20:18:00,7.17,347.0,2024-08-12 00:38:17,137.0,155.0,172.0,183.0,,,16.0,68.0,1.09,8.0,2024-08-12 00:38:08,2024-08-12 00:38:17,199.0,258.0,,,2023,5,12
Running,2023-01-12 07:23:00,5.15,299.0,2024-08-12 00:30:04,147.0,170.0,171.0,183.0,,,7.0,63.0,1.0,6.0,2024-08-12 00:29:57,2024-08-12 00:30:04,135.0,194.0,,,2023,1,12
Running,2023-11-27 07:19:00,5.51,366.0,2024-08-12 00:33:59,155.0,177.0,171.0,188.0,,,22.0,45.0,0.95,6.0,2024-08-12 00:33:49,2024-08-12 00:33:59,132.0,181.0,,,2023,11,27
Running,2023-11-22 17:05:00,5.02,283.0,2024-08-12 00:29:14,145.0,169.0,165.0,176.0,,,13.0,54.0,1.04,6.0,2024-08-12 00:28:59,2024-08-12 00:29:14,116.0,171.0,,,2023,11,22
Running,2023-11-21 18:19:00,2.76,147.0,2024-08-12 00:19:13,128.0,149.0,167.0,179.0,,,,27.0,0.86,3.0,2024-08-12 00:18:57,2024-08-12 00:19:13,151.0,171.0,,,2023,11,21
Running,2023-11-20 17:14:00,5.21,318.0,2024-08-12 00:30:28,154.0,167.0,167.0,179.0,,,32.0,41.0,1.02,6.0,2024-08-12 00:30:14,2024-08-12 00:30:28,147.0,170.0,,,2023,11,20
Running,2023-11-18 10:40:00,1.6,114.0,2024-08-12 00:13:35,134.0,152.0,160.0,175.0,,,2.0,16.0,0.74,2.0,2024-08-12 00:13:04,2024-08-12 00:13:35,128.0,146.0,,,2023,11,18
Running,2023-11-18 07:51:00,2.31,129.0,2024-08-12 00:13:10,146.0,157.0,173.0,186.0,,,5.0,52.0,1.02,3.0,2024-08-12 00:13:00,2024-08-12 00:13:10,22.0,77.0,,,2023,11,18
Running,2023-11-16 06:12:00,4.08,254.0,2024-08-12 00:24:57,153.0,190.0,167.0,177.0,,,6.0,86.0,0.98,5.0,2024-08-12 00:24:46,2024-08-12 00:24:57,-10.0,80.0,,,2023,11,16
Running,2023-11-15 07:20:00,5.04,299.0,2024-08-12 00:28:30,151.0,172.0,168.0,179.0,,,17.0,58.0,1.05,6.0,2024-08-12 00:28:23,2024-08-12 00:28:30,34.0,92.0,,,2023,11,15
Running,2023-11-11 09:56:00,6.02,334.0,2024-08-12 00:35:24,140.0,152.0,168.0,175.0,,,22.0,27.0,1.01,7.0,2024-08-12 00:35:12,2024-08-12 00:35:24,25.0,50.0,,,2023,11,11
Running,2023-10-11 11:45:00,7.02,421.0,2024-08-12 00:41:31,149.0,168.0,162.0,181.0,,,48.0,51.0,1.04,8.0,2024-08-12 00:40:00,2024-08-12 00:41:31,18.0,61.0,,,2023,10,11
Running,2023-03-11 17:33:00,6.04,360.0,2024-08-12 00:34:16,154.0,179.0,166.0,176.0,,,23.0,67.0,1.06,7.0,2024-08-12 00:34:04,2024-08-12 00:34:16,-49.0,-1.0,,,2023,3,11
Running,2023-02-11 06:38:00,3.17,151.0,2024-08-12 00:16:47,134.0,152.0,172.0,183.0,,,13.0,90.0,1.1,4.0,2024-08-12 00:16:40,2024-08-12 00:16:47,-89.0,10.0,,,2023,2,11
Running,2023-10-30 16:43:00,5.59,316.0,2024-08-12 00:31:35,149.0,171.0,165.0,181.0,,,35.0,68.0,1.07,6.0,2024-08-12 00:31:17,2024-08-12 00:31:35,-34.0,35.0,,,2023,10,30
Running,2023-10-28 07:57:00,5.42,302.0,2024-08-12 00:31:07,145.0,161.0,169.0,179.0,,,13.0,91.0,1.03,6.0,2024-08-12 00:31:06,2024-08-12 00:31:07,-87.0,-1.0,,,2023,10,28
Running,2023-10-27 16:51:00,5.52,286.0,2024-08-12 00:29:29,142.0,156.0,163.0,179.0,,,2.0,59.0,1.15,6.0,2024-08-12 00:29:21,2024-08-12 00:29:29,-62.0,-1.0,,,2023,10,27
Running,2023-10-24 07:05:00,4.07,203.0,2024-08-12 00:22:36,138.0,153.0,167.0,177.0,,,6.0,91.0,1.07,5.0,2024-08-12 00:22:15,2024-08-12 00:22:36,-68.0,26.0,,,2023,10,24
Running,2023-10-21 07:33:00,4.08,224.0,2024-08-12 00:22:36,147.0,164.0,172.0,181.0,,,3.0,64.0,1.05,5.0,2024-08-12 00:22:34,2024-08-12 00:22:36,62.0,130.0,,,2023,10,21
Running,2023-10-20 07:34:00,3.04,174.0,2024-08-12 00:17:37,148.0,159.0,169.0,177.0,,,7.0,55.0,1.02,4.0,2024-08-12 00:17:36,2024-08-12 00:17:37,63.0,154.0,,,2023,10,20
Running,2023-10-19 06:38:00,3.1,171.0,2024-08-12 00:17:38,149.0,168.0,171.0,183.0,,,2.0,76.0,1.03,4.0,2024-08-12 00:17:30,2024-08-12 00:17:38,87.0,166.0,,,2023,10,19
Running,2023-10-18 07:49:00,3.1,164.0,2024-08-12 00:17:21,140.0,158.0,171.0,183.0,,,4.0,59.0,1.05,4.0,2024-08-12 00:17:14,2024-08-12 00:17:21,98.0,157.0,,,2023,10,18
Running,2023-10-17 16:18:00,2.03,107.0,2024-08-12 00:10:51,143.0,150.0,170.0,183.0,,,7.0,24.0,1.1,3.0,2024-08-12 00:10:50,2024-08-12 00:10:51,145.0,171.0,,,2023,10,17
Running,2023-12-10 17:08:00,2.22,121.0,2024-08-12 00:12:32,145.0,157.0,169.0,181.0,,,4.0,47.0,1.05,3.0,2024-08-12 00:12:25,2024-08-12 00:12:32,124.0,173.0,,,2023,12,10
Running,2023-10-10 18:37:00,2.11,119.0,2024-08-12 00:12:07,147.0,156.0,168.0,179.0,,,4.0,35.0,1.03,3.0,2024-08-12 00:11:58,2024-08-12 00:12:07,281.0,317.0,,,2023,10,10
Running,2023-04-10 06:24:00,2.5,137.0,2024-08-12 00:14:26,144.0,158.0,170.0,181.0,,,,109.0,1.02,3.0,2024-08-12 00:14:26,2024-08-12 00:14:26,355.0,461.0,,,2023,4,10
Running,2023-03-10 06:30:00,2.39,137.0,2024-08-12 00:13:48,146.0,173.0,169.0,177.0,,,,73.0,1.02,3.0,2024-08-12 00:13:42,2024-08-12 00:13:48,350.0,424.0,,,2023,3,10
Running,2023-09-19 18:04:00,2.02,125.0,2024-08-12 00:12:45,147.0,173.0,167.0,177.0,,,,76.0,0.95,3.0,2024-08-12 00:12:41,2024-08-12 00:12:45,,,,,2023,9,19
Running,2023-09-18 17:04:00,3.04,168.0,2024-08-12 00:17:27,139.0,155.0,167.0,181.0,,,5.0,55.0,1.04,4.0,2024-08-12 00:17:18,2024-08-12 00:17:27,42.0,99.0,,,2023,9,18
Running,2023-04-09 17:28:00,3.02,169.0,2024-08-12 00:17:25,140.0,160.0,167.0,175.0,,,4.0,36.0,1.04,4.0,2024-08-12 00:17:18,2024-08-12 00:17:25,41.0,79.0,,,2023,4,9
Running,2023-08-17 17:34:00,4.13,220.0,2024-08-12 00:23:23,140.0,159.0,169.0,182.0,,,17.0,55.0,1.05,5.0,2024-08-12 00:23:10,2024-08-12 00:24:44,312.0,377.0,,,2023,8,17
Running,2023-08-16 20:39:00,4.04,231.0,2024-08-12 00:23:10,143.0,162.0,167.0,181.0,,,18.0,58.0,1.04,5.0,2024-08-12 00:23:02,2024-08-12 00:23:10,291.0,343.0,,,2023,8,16
Running,2023-11-08 20:07:00,5.05,282.0,2024-08-12 00:28:55,144.0,155.0,169.0,177.0,,,16.0,54.0,1.04,6.0,2024-08-12 00:28:53,2024-08-12 00:28:55,316.0,363.0,,,2023,11,8
Running,2023-10-08 20:40:00,5.13,302.0,2024-08-12 00:31:19,143.0,155.0,167.0,177.0,,,17.0,53.0,0.98,6.0,2024-08-12 00:31:12,2024-08-12 00:31:19,293.0,336.0,,,2023,10,8
Running,2023-08-08 07:08:00,5.3,341.0,2024-08-12 00:32:02,154.0,178.0,164.0,185.0,,,17.0,65.0,1.01,6.0,2024-08-12 00:30:45,2024-08-12 00:32:02,246.0,308.0,,,2023,8,8
Running,2023-07-08 19:39:00,6.05,335.0,2024-08-12 00:34:21,142.0,153.0,168.0,177.0,,,11.0,51.0,1.05,7.0,2024-08-12 00:34:13,2024-08-12 00:34:21,239.0,285.0,,,2023,7,8
Running,2023-04-08 16:07:00,5.02,283.0,2024-08-12 00:27:25,148.0,163.0,171.0,179.0,,,11.0,47.0,1.07,6.0,2024-08-12 00:27:16,2024-08-12 00:27:25,236.0,280.0,,,2023,4,8
Running,2023-07-27 17:17:00,5.19,305.0,2024-08-12 00:30:48,147.0,161.0,170.0,177.0,,,18.0,61.0,0.99,6.0,2024-08-12 00:30:39,2024-08-12 00:30:48,193.0,249.0,,,2023,7,27
Running,2023-07-25 16:58:00,8.02,393.0,2024-08-12 00:44:22,136.0,154.0,170.0,181.0,,,10.0,78.0,1.07,9.0,2024-08-12 00:44:04,2024-08-12 00:44:22,102.0,243.0,,,2023,7,25
Running,2023-07-20 07:45:00,5.02,290.0,2024-08-12 00:27:14,152.0,170.0,174.0,185.0,,,10.0,53.0,1.06,6.0,2024-08-12 00:27:06,2024-08-12 00:27:14,118.0,170.0,,,2023,7,20
Running,2023-07-19 21:51:00,6.49,386.0,2024-08-12 00:36:38,150.0,179.0,165.0,175.0,,,23.0,76.0,1.07,7.0,2024-08-12 00:36:37,2024-08-12 00:36:38,136.0,203.0,,,2023,7,19
Running,2023-07-18 17:02:00,5.02,259.0,2024-08-12 00:28:21,136.0,159.0,172.0,181.0,,,17.0,120.0,1.03,6.0,2024-08-12 00:28:12,2024-08-12 00:28:21,100.0,204.0,,,2023,7,18
Running,2023-07-15 07:36:00,8.15,490.0,2024-08-12 00:45:39,155.0,168.0,172.0,181.0,,,35.0,82.0,1.04,9.0,2024-08-12 00:45:37,2024-08-12 00:45:39,13.0,80.0,,,2023,7,15
Running,2023-07-13 07:27:00,8.01,468.0,2024-08-12 00:44:56,152.0,168.0,171.0,183.0,,,38.0,97.0,1.04,9.0,2024-08-12 00:44:38,2024-08-12 00:44:56,5.0,85.0,,,2023,7,13
Running,2023-11-07 06:32:00,10.02,589.0,2024-08-12 00:58:16,151.0,176.0,171.0,187.0,,,22.0,138.0,1.01,11.0,2024-08-12 00:58:04,2024-08-12 00:58:16,-11.0,113.0,,,2023,11,7
Running,2023-10-07 17:27:00,5.02,258.0,2024-08-12 00:28:22,136.0,153.0,169.0,178.0,,,9.0,42.0,1.04,6.0,2024-08-12 00:28:14,2024-08-12 00:28:22,98.0,140.0,,,2023,10,7
Running,2023-07-07 06:47:00,8.15,447.0,2024-08-12 00:46:11,148.0,164.0,172.0,188.0,,,8.0,65.0,1.02,9.0,2024-08-12 00:46:02,2024-08-12 00:46:11,78.0,138.0,,,2023,7,7
Running,2023-06-07 07:28:00,5.19,304.0,2024-08-12 00:30:34,147.0,164.0,171.0,183.0,,,9.0,54.0,0.99,6.0,2024-08-12 00:30:33,2024-08-12 00:30:34,56.0,108.0,,,2023,6,7
Running,2023-05-07 06:35:00,5.04,294.0,2024-08-12 00:30:19,144.0,166.0,172.0,179.0,,,7.0,44.0,0.97,6.0,2024-08-12 00:30:09,2024-08-12 00:30:19,27.0,71.0,,,2023,5,7
Running,2023-04-07 07:12:00,7.29,464.0,2024-08-12 00:42:19,158.0,185.0,167.0,186.0,,,11.0,111.0,1.03,8.0,2024-08-12 00:40:41,2024-08-12 00:42:19,-21.0,87.0,,,2023,4,7
Running,2023-03-07 17:15:00,5.19,314.0,2024-08-12 00:29:20,153.0,166.0,169.0,181.0,,,11.0,42.0,1.05,6.0,2024-08-12 00:29:11,2024-08-12 00:29:20,74.0,115.0,,,2023,3,7
Running,2023-06-29 06:21:00,4.17,264.0,2024-08-12 00:24:54,156.0,170.0,173.0,185.0,,,2.0,41.0,0.97,5.0,2024-08-12 00:24:53,2024-08-12 00:24:54,83.0,127.0,,,2023,6,29
Running,2023-06-28 06:29:00,4.19,260.0,2024-08-12 00:24:43,152.0,171.0,169.0,177.0,,,6.0,38.0,1.0,5.0,2024-08-12 00:24:36,2024-08-12 00:24:43,116.0,153.0,,,2023,6,28
Running,2023-06-27 16:31:00,5.04,302.0,2024-08-12 00:28:59,151.0,167.0,170.0,181.0,,,10.0,44.0,1.03,6.0,2024-08-12 00:28:50,2024-08-12 00:28:59,114.0,157.0,,,2023,6,27
Running,2023-06-26 17:13:00,4.21,259.0,2024-08-12 00:24:12,152.0,164.0,168.0,179.0,,,6.0,44.0,1.04,5.0,2024-08-12 00:24:04,2024-08-12 00:24:12,107.0,150.0,,,2023,6,26
Running,2023-06-23 06:31:00,4.01,226.0,2024-08-12 00:23:41,143.0,156.0,170.0,179.0,,,2.0,51.0,0.99,5.0,2024-08-12 00:23:40,2024-08-12 00:23:41,106.0,161.0,,,2023,6,23
Running,2023-06-22 07:32:00,3.14,181.0,2024-08-12 00:17:54,148.0,165.0,172.0,183.0,,,3.0,42.0,1.02,4.0,2024-08-12 00:17:46,2024-08-12 00:17:54,86.0,177.0,,,2023,6,22
Running,2023-06-21 07:59:00,3.08,176.0,2024-08-12 00:17:58,141.0,153.0,170.0,181.0,,,4.0,35.0,1.0,4.0,2024-08-12 00:17:50,2024-08-12 00:17:58,104.0,143.0,,,2023,6,21
Running,2023-06-20 07:54:00,3.04,174.0,2024-08-12 00:17:02,147.0,167.0,175.0,183.0,,,3.0,37.0,1.02,4.0,2024-08-12 00:16:56,2024-08-12 00:17:02,112.0,193.0,,,2023,6,20
Running,2023-06-19 07:49:00,3.18,183.0,2024-08-12 00:18:18,146.0,161.0,171.0,181.0,,,7.0,29.0,1.01,4.0,2024-08-12 00:18:12,2024-08-12 00:18:18,156.0,186.0,,,2023,6,19
Running,2023-06-05 13:55:00,3.05,170.0,2024-08-12 00:17:10,143.0,156.0,173.0,181.0,,,20.0,19.0,1.03,4.0,2024-08-12 00:17:02,2024-08-12 00:17:10,252.0,266.0,,,2023,6,5
Running,2023-04-26 06:17:00,3.16,171.0,2024-08-12 00:17:57,138.0,150.0,175.0,183.0,,,4.0,37.0,1.0,4.0,2024-08-12 00:17:47,2024-08-12 00:17:57,214.0,253.0,,,2023,4,26
Running,2023-04-24 13:52:00,3.13,178.0,2024-08-12 00:17:18,149.0,162.0,175.0,183.0,,,25.0,16.0,1.04,4.0,2024-08-12 00:17:17,2024-08-12 00:17:18,96.0,204.0,,,2023,4,24
Running,2023-03-17 06:58:00,5.3,313.0,2024-08-12 00:30:09,151.0,169.0,179.0,189.0,,,9.0,68.0,0.98,6.0,2024-08-12 00:30:00,2024-08-12 00:30:09,266.0,330.0,,,2023,3,17
Running,2023-03-14 17:20:00,5.16,308.0,2024-08-12 00:30:49,147.0,167.0,164.0,183.0,,,7.0,35.0,1.02,6.0,2024-08-12 00:29:07,2024-08-12 00:30:49,310.0,343.0,,,2023,3,14
Running,2023-11-03 09:25:00,5.14,304.0,2024-08-12 00:29:21,150.0,167.0,175.0,185.0,,,30.0,32.0,1.0,6.0,2024-08-12 00:29:13,2024-08-12 00:29:21,296.0,326.0,,,2023,11,3
Running,2023-09-03 17:01:00,5.01,314.0,2024-08-12 00:29:42,154.0,166.0,173.0,183.0,,,11.0,29.0,0.97,6.0,2024-08-12 00:29:40,2024-08-12 00:29:42,348.0,373.0,,,2023,9,3
Running,2023-04-03 08:01:00,7.28,382.0,2024-08-12 00:40:51,141.0,159.0,177.0,187.0,,,35.0,61.0,1.01,8.0,2024-08-12 00:40:09,2024-08-12 00:40:51,295.0,335.0,,,2023,4,3
Running,2023-02-27 17:25:00,7.09,414.0,2024-08-12 00:41:57,151.0,171.0,167.0,193.0,,,19.0,88.0,1.02,8.0,2024-08-12 00:39:22,2024-08-12 00:41:57,441.0,524.0,,,2023,2,27
Running,2023-02-22 17:38:00,5.02,282.0,2024-08-12 00:28:26,148.0,170.0,175.0,185.0,,,14.0,37.0,1.01,6.0,2024-08-12 00:28:17,2024-08-12 00:28:26,468.0,503.0,,,2023,2,22
Running,2023-02-21 07:46:00,5.02,253.0,2024-08-12 00:27:00,143.0,162.0,179.0,189.0,,,13.0,78.0,1.04,6.0,2024-08-12 00:26:51,2024-08-12 00:27:00,398.0,483.0,,,2023,2,21
Running,2023-02-18 08:15:00,5.02,254.0,2024-08-12 00:29:24,136.0,156.0,177.0,185.0,,,45.0,42.0,0.96,6.0,2024-08-12 00:28:58,2024-08-12 00:33:48,,,,,2023,2,18
Running,2023-02-17 08:16:00,5.04,324.0,2024-08-12 00:28:50,164.0,187.0,179.0,185.0,,,13.0,25.0,0.98,6.0,2024-08-12 00:28:43,2024-08-12 00:28:50,442.0,462.0,,,2023,2,17
Running,2023-02-15 07:17:00,3.29,181.0,2024-08-12 00:18:36,148.0,163.0,180.0,189.0,,,5.0,63.0,0.98,4.0,2024-08-12 00:18:35,2024-08-12 00:18:36,372.0,437.0,,,2023,2,15
Running,2023-02-13 17:14:00,8.02,408.0,2024-08-12 00:46:45,144.0,160.0,173.0,187.0,,,24.0,45.0,0.99,9.0,2024-08-12 00:46:01,2024-08-12 00:46:45,418.0,459.0,,,2023,2,13
Running,2023-11-02 09:26:00,5.29,319.0,2024-08-12 00:29:56,160.0,178.0,180.0,189.0,,,19.0,21.0,0.98,6.0,2024-08-12 00:29:53,2024-08-12 00:33:05,421.0,441.0,,,2023,11,2
Running,2023-10-02 17:55:00,7.11,346.0,2024-08-12 00:37:18,142.0,163.0,176.0,183.0,,,15.0,34.0,1.08,8.0,2024-08-12 00:37:08,2024-08-12 00:37:18,435.0,460.0,,,2023,10,2
Running,2023-08-02 17:35:00,10.12,608.0,2024-08-12 00:58:18,157.0,177.0,178.0,194.0,,,43.0,67.0,0.98,11.0,2024-08-12 00:57:55,2024-08-12 00:58:18,107.0,458.0,,,2023,8,2
Running,2023-04-02 07:40:00,5.24,316.0,2024-08-12 00:31:50,149.0,170.0,179.0,189.0,,,2.0,28.0,0.92,6.0,2024-08-12 00:31:41,2024-08-12 00:31:50,-207.0,-15.0,,,2023,4,2
Running,2023-02-02 06:33:00,4.82,273.0,2024-08-12 00:27:20,149.0,167.0,180.0,190.0,,,7.0,33.0,0.98,5.0,2024-08-12 00:27:11,2024-08-12 00:27:20,-227.0,-196.0,,,2023,2,2
Running,2023-01-02 06:08:00,6.19,350.0,2024-08-12 00:35:07,149.0,173.0,182.0,189.0,,,7.0,39.0,0.97,7.0,2024-08-12 00:35:01,2024-08-12 00:35:07,-90.0,-55.0,,,2023,1,2
Running,2023-01-31 06:22:00,13.02,796.0,2024-08-12 01:17:06,155.0,179.0,178.0,187.0,,,51.0,72.0,0.95,14.0,2024-08-12 01:16:45,2024-08-12 01:17:06,-92.0,-56.0,,,2023,1,31
Running,2023-01-29 09:42:00,10.02,628.0,2024-08-12 00:56:48,163.0,181.0,180.0,187.0,,,41.0,44.0,0.98,11.0,2024-08-12 00:56:46,2024-08-12 00:56:48,-211.0,-189.0,,,2023,1,29
Running,2023-01-28 09:51:00,5.37,316.0,2024-08-12 00:30:01,155.0,180.0,180.0,189.0,,,26.0,42.0,0.99,6.0,2024-08-12 00:29:52,2024-08-12 00:30:01,-232.0,-204.0,,,2023,1,28
Running,2023-01-27 16:14:00,8.03,474.0,2024-08-12 00:46:20,151.0,170.0,178.0,185.0,,,11.0,31.0,0.98,9.0,2024-08-12 00:46:11,2024-08-12 00:46:20,-192.0,-166.0,,,2023,1,27
Running,2023-01-24 07:54:00,5.02,301.0,2024-08-12 00:29:13,153.0,169.0,179.0,185.0,,,19.0,75.0,0.96,6.0,2024-08-12 00:29:04,2024-08-12 00:29:13,57.0,121.0,,,2023,1,24
Running,2023-01-23 17:27:00,6.46,382.0,2024-08-12 00:37:29,151.0,169.0,172.0,193.0,,,24.0,46.0,1.0,7.0,2024-08-12 00:36:14,2024-08-12 00:37:29,128.0,161.0,,,2023,1,23
Running,2023-01-20 16:40:00,8.03,501.0,2024-08-12 00:45:31,161.0,175.0,180.0,187.0,,,28.0,47.0,0.98,9.0,2024-08-12 00:45:29,2024-08-12 00:45:31,142.0,187.0,,,2023,1,20
Running,2023-01-19 07:50:00,5.02,301.0,2024-08-12 00:28:36,153.0,171.0,181.0,189.0,,,11.0,37.0,0.97,6.0,2024-08-12 00:28:28,2024-08-12 00:28:36,153.0,185.0,,,2023,1,19
Running,2023-01-16 07:51:00,5.38,326.0,2024-08-12 00:31:43,152.0,162.0,179.0,185.0,,,11.0,36.0,0.95,6.0,2024-08-12 00:31:34,2024-08-12 00:31:43,-37.0,25.0,,,2023,1,16
Running,2023-01-15 08:33:00,5.02,299.0,2024-08-12 00:29:13,149.0,182.0,179.0,186.0,,,14.0,32.0,0.96,6.0,2024-08-12 00:29:03,2024-08-12 00:29:13,-55.0,-33.0,,,2023,1,15
Running,2023-01-14 07:04:00,7.02,425.0,2024-08-12 00:40:42,152.0,171.0,180.0,208.0,,,20.0,49.0,0.96,8.0,2024-08-12 00:40:38,2024-08-12 00:40:42,-61.0,-24.0,,,2023,1,14
Running,2023-11-01 17:32:00,6.02,366.0,2024-08-12 00:34:47,153.0,170.0,173.0,185.0,,,18.0,47.0,1.0,7.0,2024-08-12 00:34:07,2024-08-12 00:34:47,114.0,148.0,,,2023,11,1
Running,2023-10-01 17:26:00,4.19,256.0,2024-08-12 00:24:49,152.0,166.0,178.0,189.0,,,13.0,34.0,0.94,5.0,2024-08-12 00:24:43,2024-08-12 00:24:49,165.0,194.0,,,2023,10,1
Running,2023-09-01 07:18:00,5.07,301.0,2024-08-12 00:30:04,,,180.0,,,,10.0,11.0,0.94,1.0,,2024-08-12 00:30:04,,,,,2023,9,1
Running,2023-08-01 07:23:00,5.03,298.0,2024-08-12 00:30:20,147.0,161.0,179.0,185.0,,,6.0,32.0,0.93,6.0,2024-08-12 00:30:15,2024-08-12 00:30:20,-17.0,17.0,,,2023,8,1
Running,2023-07-01 07:45:00,6.09,352.0,2024-08-12 00:35:17,147.0,164.0,183.0,191.0,,,18.0,38.0,0.94,7.0,2024-08-12 00:35:11,2024-08-12 00:35:17,-60.0,-14.0,,,2023,7,1
Running,2023-06-01 18:19:00,5.02,296.0,2024-08-12 00:29:17,149.0,166.0,177.0,185.0,,,5.0,25.0,0.97,6.0,2024-08-12 00:29:12,2024-08-12 00:30:25,-51.0,-22.0,,,2023,6,1
Running,2023-04-01 17:06:00,3.38,216.0,2024-08-12 00:21:13,150.0,162.0,177.0,186.0,,,17.0,21.0,0.9,4.0,2024-08-12 00:21:03,2024-08-12 00:21:13,92.0,108.0,,,2023,4,1
Running,2023-02-01 16:46:00,4.21,220.0,2024-08-12 00:24:20,135.0,162.0,178.0,187.0,,,7.0,30.0,0.97,5.0,2024-08-12 00:24:19,2024-08-12 00:24:20,122.0,155.0,,,2023,2,1
Running,2022-12-31 08:17:00,5.02,268.0,2024-08-12 00:28:07,141.0,158.0,183.0,191.0,,,15.0,27.0,0.98,6.0,2024-08-12 00:28:05,2024-08-12 00:28:07,-213.0,33.0,,,2022,12,31
Running,2022-12-30 17:10:00,3.16,168.0,2024-08-12 00:17:09,145.0,164.0,178.0,191.0,,,4.0,9.0,1.03,4.0,2024-08-12 00:17:05,2024-08-12 00:17:09,-213.0,-199.0,,,2022,12,30
Running,2022-12-28 08:03:00,3.06,160.0,2024-08-12 00:17:14,138.0,153.0,180.0,187.0,,,7.0,21.0,0.99,4.0,2024-08-12 00:17:14,2024-08-12 00:17:14,-105.0,-85.0,,,2022,12,28
Running,2022-12-27 06:56:00,3.06,168.0,2024-08-12 00:16:32,149.0,171.0,178.0,189.0,,,2.0,28.0,1.04,4.0,2024-08-12 00:16:25,2024-08-12 00:16:32,-104.0,-75.0,,,2022,12,27
Running,2022-12-14 06:54:00,4.03,240.0,2024-08-12 00:23:16,153.0,170.0,180.0,187.0,,,17.0,31.0,0.96,5.0,2024-08-12 00:23:15,2024-08-12 00:23:16,135.0,170.0,,,2022,12,14
Running,2022-12-13 07:34:00,4.02,218.0,2024-08-12 00:22:12,147.0,163.0,180.0,191.0,,,12.0,36.0,1.01,5.0,2024-08-12 00:22:04,2024-08-12 00:22:12,128.0,164.0,,,2022,12,13
Running,2022-09-12 06:45:00,4.25,247.0,2024-08-12 00:24:58,149.0,168.0,179.0,187.0,,,13.0,29.0,0.95,5.0,2024-08-12 00:24:52,2024-08-12 00:24:58,157.0,182.0,,,2022,9,12
Running,2022-06-12 07:14:00,4.45,314.0,2024-08-12 00:26:10,169.0,195.0,177.0,188.0,,,17.0,36.0,0.96,5.0,2024-08-12 00:25:43,2024-08-12 00:26:10,188.0,221.0,,,2022,6,12
Running,2022-05-12 07:05:00,3.75,210.0,2024-08-12 00:22:03,142.0,162.0,178.0,193.0,,,12.0,32.0,0.96,4.0,2024-08-12 00:22:03,2024-08-12 00:22:03,174.0,199.0,,,2022,5,12
Running,2022-02-12 07:59:00,4.02,246.0,2024-08-12 00:21:59,163.0,185.0,179.0,189.0,,,22.0,41.0,1.02,5.0,2024-08-12 00:21:50,2024-08-12 00:21:59,129.0,174.0,,,2022,2,12
Running,2022-11-30 07:52:00,3.14,175.0,2024-08-12 00:18:19,143.0,160.0,177.0,187.0,,,13.0,20.0,0.97,4.0,2024-08-12 00:18:11,2024-08-12 00:18:19,192.0,207.0,,,2022,11,30
Running,2022-11-29 18:41:00,3.7,209.0,2024-08-12 00:21:08,147.0,161.0,174.0,185.0,,,9.0,27.0,1.01,4.0,2024-08-12 00:21:04,2024-08-12 00:21:08,-166.0,172.0,,,2022,11,29
Running,2022-02-11 08:00:00,4.15,234.0,2024-08-12 00:23:50,147.0,163.0,178.0,193.0,,,5.0,32.0,0.98,5.0,2024-08-12 00:23:49,2024-08-12 00:23:50,427.0,452.0,,,2022,2,11
Running,2022-01-11 07:41:00,5.04,314.0,2024-08-12 00:29:37,158.0,171.0,178.0,187.0,,,2.0,27.0,0.95,6.0,2024-08-12 00:29:34,2024-08-12 00:29:37,418.0,443.0,,,2022,1,11
Running,2022-10-31 15:33:00,4.2,252.0,2024-08-12 00:23:54,156.0,174.0,173.0,187.0,,,5.0,22.0,1.02,5.0,2024-08-12 00:23:34,2024-08-12 00:23:54,436.0,458.0,,,2022,10,31
Running,2022-11-10 12:25:00,3.03,159.0,2024-08-12 00:16:00,146.0,164.0,177.0,183.0,,,19.0,19.0,1.07,4.0,2024-08-12 00:15:52,2024-08-12 00:16:00,-32.0,-6.0,,,2022,11,10
Running,2022-10-10 17:35:00,3.04,142.0,2024-08-12 00:15:19,139.0,153.0,173.0,186.0,,,8.0,21.0,1.15,4.0,2024-08-12 00:15:09,2024-08-12 00:15:19,-34.0,-13.0,,,2022,10,10
Running,2022-09-23 15:23:00,3.04,160.0,2024-08-12 00:15:55,147.0,166.0,179.0,189.0,,,19.0,29.0,1.07,4.0,2024-08-12 00:15:54,2024-08-12 00:15:55,-107.0,-76.0,,,2022,9,23
Running,2022-09-22 07:00:00,3.13,151.0,2024-08-12 00:15:29,144.0,159.0,181.0,189.0,,,9.0,30.0,1.11,4.0,2024-08-12 00:15:28,2024-08-12 00:15:29,-84.0,-54.0,,,2022,9,22
Running,2022-09-21 12:42:00,3.02,159.0,2024-08-12 00:16:11,146.0,163.0,174.0,185.0,,,11.0,26.0,1.07,4.0,2024-08-12 00:16:01,2024-08-12 00:16:11,-96.0,-69.0,,,2022,9,21
Running,2022-09-20 08:17:00,2.37,128.0,2024-08-12 00:12:43,149.0,161.0,179.0,188.0,,,27.0,13.0,1.04,3.0,2024-08-12 00:12:36,2024-08-12 00:12:43,-147.0,-119.0,,,2022,9,20
Running,2022-09-19 13:32:00,2.39,130.0,2024-08-12 00:13:13,147.0,163.0,167.0,188.0,,,9.0,15.0,1.08,3.0,2024-08-12 00:13:13,2024-08-12 00:13:13,-39.0,-25.0,,,2022,9,19
Running,2022-08-26 06:36:00,2.56,171.0,2024-08-12 00:16:39,149.0,166.0,178.0,186.0,,,2.0,36.0,0.86,3.0,2024-08-12 00:16:32,2024-08-12 00:16:39,42.0,81.0,,,2022,8,26
Running,2022-07-30 09:38:00,3.07,177.0,2024-08-12 00:16:44,152.0,166.0,179.0,187.0,,,2.0,12.0,1.03,4.0,2024-08-12 00:16:43,2024-08-12 00:16:44,22.0,36.0,,,2022,7,30
Running,2022-07-29 07:36:00,3.52,191.0,2024-08-12 00:19:19,144.0,163.0,181.0,207.0,,,,20.0,1.01,4.0,2024-08-12 00:19:13,2024-08-12 00:19:19,33.0,53.0,,,2022,7,29
Running,2022-07-28 11:10:00,4.02,236.0,2024-08-12 00:24:08,143.0,164.0,170.0,181.0,,,4.0,6.0,0.98,5.0,2024-08-12 00:24:04,2024-08-12 00:24:08,25.0,34.0,,,2022,7,28
Running,2022-07-24 08:29:00,3.04,193.0,2024-08-12 00:17:30,161.0,171.0,177.0,185.0,,,11.0,30.0,0.98,4.0,2024-08-12 00:17:29,2024-08-12 00:17:30,115.0,142.0,,,2022,7,24
Running,2022-07-22 08:09:00,2.03,114.0,2024-08-12 00:12:02,139.0,151.0,177.0,187.0,,,5.0,19.0,0.95,3.0,2024-08-12 00:12:01,2024-08-12 00:12:02,123.0,143.0,,,2022,7,22
Running,2022-07-20 08:00:00,4.51,251.0,2024-08-12 00:24:08,151.0,169.0,181.0,191.0,,,6.0,35.0,1.04,5.0,2024-08-12 00:24:03,2024-08-12 00:24:08,111.0,158.0,,,2022,7,20
Running,2022-04-06 09:59:00,7.35,487.0,2024-08-12 00:41:48,164.0,186.0,172.0,185.0,,,43.0,53.0,1.03,8.0,2024-08-12 00:40:12,2024-08-12 00:41:48,96.0,143.0,,,2022,4,6
Running,2022-02-06 07:14:00,6.41,362.0,2024-08-12 00:34:41,151.0,168.0,177.0,189.0,,,25.0,59.0,1.04,7.0,2024-08-12 00:33:59,2024-08-12 00:34:41,76.0,129.0,,,2022,2,6
Running,2022-01-06 07:20:00,6.04,334.0,2024-08-12 00:33:28,147.0,169.0,178.0,187.0,,,14.0,45.0,1.01,7.0,2024-08-12 00:33:21,2024-08-12 00:33:28,87.0,126.0,,,2022,1,6
Running,2022-05-31 06:42:00,5.27,299.0,2024-08-12 00:28:27,154.0,171.0,182.0,191.0,,,9.0,39.0,1.02,6.0,2024-08-12 00:28:13,2024-08-12 00:28:27,111.0,145.0,,,2022,5,31
Running,2022-05-28 06:53:00,5.14,269.0,2024-08-12 00:27:36,144.0,162.0,181.0,187.0,,,8.0,41.0,1.03,6.0,2024-08-12 00:27:25,2024-08-12 00:27:36,69.0,109.0,,,2022,5,28
Running,2022-05-25 07:05:00,4.31,250.0,2024-08-12 00:23:48,155.0,168.0,179.0,187.0,,,10.0,42.0,1.01,5.0,2024-08-12 00:23:43,2024-08-12 00:23:48,126.0,168.0,,,2022,5,25
Running,2022-05-24 07:13:00,4.17,253.0,2024-08-12 00:23:37,158.0,174.0,179.0,187.0,,,18.0,47.0,0.98,5.0,2024-08-12 00:23:29,2024-08-12 00:23:37,134.0,182.0,,,2022,5,24
Running,2022-05-23 16:33:00,5.02,296.0,2024-08-12 00:28:52,150.0,166.0,178.0,185.0,,,23.0,38.0,0.98,6.0,2024-08-12 00:28:52,2024-08-12 00:28:52,170.0,200.0,,,2022,5,23
Running,2022-05-20 07:31:00,4.11,236.0,2024-08-12 00:22:46,152.0,175.0,179.0,189.0,,,12.0,33.0,1.01,5.0,2024-08-12 00:22:45,2024-08-12 00:22:46,150.0,185.0,,,2022,5,20
Running,2022-05-18 07:21:00,3.23,185.0,2024-08-12 00:17:53,153.0,177.0,179.0,187.0,,,15.0,24.0,1.01,4.0,2024-08-12 00:17:49,2024-08-12 00:17:53,130.0,255.0,,,2022,5,18
Running,2022-12-03 06:41:00,4.03,219.0,2024-08-12 00:21:56,149.0,169.0,183.0,193.0,,,2.0,17.0,1.0,5.0,2024-08-12 00:21:54,2024-08-12 00:21:56,32.0,50.0,,,2022,12,3
Running,2022-10-03 06:24:00,4.03,227.0,2024-08-12 00:23:18,149.0,167.0,178.0,185.0,,,7.0,65.0,0.97,5.0,2024-08-12 00:23:10,2024-08-12 00:23:18,105.0,169.0,,,2022,10,3
Running,2022-09-03 15:26:00,3.01,186.0,2024-08-12 00:17:11,161.0,179.0,178.0,187.0,,,16.0,16.0,0.98,4.0,2024-08-12 00:17:07,2024-08-12 00:17:16,30.0,183.0,,,2022,9,3
Running,2022-08-03 17:41:00,3.74,214.0,2024-08-12 00:20:26,155.0,179.0,183.0,194.0,,,2.0,11.0,1.0,4.0,2024-08-12 00:20:20,2024-08-12 00:20:26,-112.0,63.0,,,2022,8,3
Running,2022-05-03 07:17:00,3.68,202.0,2024-08-12 00:20:13,148.0,165.0,181.0,190.0,,,,14.0,1.0,4.0,2024-08-12 00:20:03,2024-08-12 00:20:13,3.0,66.0,,,2022,5,3
Running,2022-03-03 17:53:00,4.04,219.0,2024-08-12 00:21:22,154.0,169.0,179.0,189.0,,,14.0,5.0,1.06,5.0,2024-08-12 00:21:15,2024-08-12 00:21:22,18.0,29.0,,,2022,3,3
Running,2022-01-24 06:34:00,5.02,289.0,2024-08-12 00:27:52,157.0,178.0,183.0,189.0,,,22.0,48.0,0.98,6.0,2024-08-12 00:27:48,2024-08-12 00:27:52,107.0,140.0,,,2022,1,24
Running,2022-01-21 07:10:00,5.02,308.0,2024-08-12 00:29:19,160.0,180.0,169.0,191.0,,,18.0,45.0,1.02,6.0,2024-08-12 00:27:06,2024-08-12 00:29:19,68.0,106.0,,,2022,1,21
Running,2022-01-19 07:14:00,5.05,292.0,2024-08-12 00:27:13,163.0,180.0,180.0,187.0,,,8.0,28.0,1.03,6.0,2024-08-12 00:27:05,2024-08-12 00:27:13,96.0,125.0,,,2022,1,19
Running,2022-11-01 06:35:00,5.07,277.0,2024-08-12 00:27:47,152.0,163.0,183.0,191.0,,,16.0,36.0,1.0,6.0,2024-08-12 00:27:39,2024-08-12 00:27:47,56.0,91.0,,,2022,11,1
Running,2022-10-01 18:56:00,5.08,280.0,2024-08-12 00:29:18,148.0,165.0,180.0,187.0,,,20.0,37.0,0.96,6.0,2024-08-12 00:29:17,2024-08-12 00:29:18,89.0,116.0,,,2022,10,1
Running,2022-06-01 06:50:00,5.07,318.0,2024-08-12 00:28:34,168.0,185.0,185.0,191.0,,,17.0,38.0,0.96,6.0,2024-08-12 00:28:31,2024-08-12 00:28:34,233.0,261.0,,,2022,6,1
Running,2022-05-01 06:54:00,4.1,242.0,2024-08-12 00:23:01,162.0,172.0,186.0,195.0,,,12.0,37.0,0.96,5.0,2024-08-12 00:23:00,2024-08-12 00:23:01,235.0,272.0,,,2022,5,1
Running,2022-04-01 06:30:00,4.03,215.0,2024-08-12 00:21:10,156.0,176.0,184.0,191.0,,,16.0,29.0,1.03,5.0,2024-08-12 00:21:02,2024-08-12 00:21:10,233.0,263.0,,,2022,4,1
Running,2021-12-22 06:46:00,5.12,292.0,2024-08-12 00:28:42,156.0,176.0,184.0,193.0,,,7.0,42.0,0.97,6.0,2024-08-12 00:28:40,2024-08-12 00:28:42,-109.0,-69.0,,,2021,12,22
Running,2021-12-21 07:30:00,4.36,255.0,2024-08-12 00:24:35,160.0,176.0,182.0,191.0,,,18.0,37.0,0.98,5.0,2024-08-12 00:24:28,2024-08-12 00:24:35,-71.0,-35.0,,,2021,12,21
Running,2021-12-19 06:56:00,6.56,379.0,2024-08-12 00:37:45,156.0,173.0,180.0,188.0,,,32.0,49.0,0.97,7.0,2024-08-12 00:37:40,2024-08-12 00:37:45,76.0,113.0,,,2021,12,19
Running,2021-12-16 06:57:00,4.3,253.0,2024-08-12 00:23:50,162.0,179.0,187.0,195.0,,,7.0,33.0,0.97,5.0,2024-08-12 00:23:42,2024-08-12 00:23:50,89.0,132.0,,,2021,12,16
Running,2021-12-15 07:16:00,4.18,225.0,2024-08-12 00:23:26,150.0,177.0,182.0,189.0,,,14.0,33.0,0.98,5.0,2024-08-12 00:23:19,2024-08-12 00:23:26,84.0,113.0,,,2021,12,15
Running,2021-12-14 07:37:00,4.01,222.0,2024-08-12 00:21:51,157.0,180.0,186.0,193.0,,,11.0,29.0,0.99,5.0,2024-08-12 00:21:49,2024-08-12 00:21:51,92.0,118.0,,,2021,12,14
Running,2021-12-13 06:46:00,4.38,260.0,2024-08-12 00:24:10,165.0,187.0,181.0,189.0,,,10.0,34.0,1.0,5.0,2024-08-12 00:24:09,2024-08-12 00:24:10,104.0,141.0,,,2021,12,13
Running,2021-10-12 06:30:00,4.02,218.0,2024-08-12 00:20:48,159.0,186.0,180.0,189.0,,,7.0,44.0,1.07,5.0,2024-08-12 00:20:38,2024-08-12 00:20:48,57.0,102.0,,,2021,10,12
Running,2021-10-22 07:47:00,5.09,307.0,2024-08-12 00:29:38,160.0,178.0,180.0,189.0,,,24.0,77.0,0.95,6.0,2024-08-12 00:29:35,2024-08-12 00:29:38,154.0,229.0,,,2021,10,22
Running,2021-10-21 18:08:00,5.25,303.0,2024-08-12 00:30:02,156.0,176.0,182.0,191.0,,,24.0,74.0,0.96,6.0,2024-08-12 00:29:54,2024-08-12 00:30:02,193.0,265.0,,,2021,10,21
Running,2021-10-20 12:43:00,5.17,291.0,2024-08-12 00:29:12,154.0,174.0,179.0,189.0,,,29.0,34.0,0.99,6.0,2024-08-12 00:28:49,2024-08-12 00:29:12,266.0,291.0,,,2021,10,20
Running,2021-10-19 06:56:00,6.06,340.0,2024-08-12 00:34:26,156.0,165.0,181.0,187.0,,,17.0,74.0,0.97,7.0,2024-08-12 00:34:24,2024-08-12 00:34:26,153.0,221.0,,,2021,10,19
Running,2021-10-18 06:46:00,5.16,280.0,2024-08-12 00:28:43,153.0,166.0,184.0,196.0,,,18.0,83.0,0.98,6.0,2024-08-12 00:28:41,2024-08-12 00:28:43,169.0,250.0,,,2021,10,18
Running,2021-11-10 12:42:00,5.26,302.0,2024-08-12 00:29:56,157.0,179.0,183.0,193.0,,,24.0,71.0,0.96,6.0,2024-08-12 00:29:55,2024-08-12 00:29:56,94.0,202.0,,,2021,11,10
Running,2021-08-26 06:34:00,17.05,990.0,2024-08-12 01:40:10,157.0,178.0,180.0,191.0,,,68.0,227.0,0.95,18.0,2024-08-12 01:39:04,2024-08-12 01:40:10,4.0,180.0,,,2021,8,26
Running,2021-08-25 06:57:00,8.01,473.0,2024-08-12 00:44:40,163.0,180.0,183.0,191.0,,,20.0,136.0,0.98,9.0,2024-08-12 00:44:23,2024-08-12 00:44:40,-9.0,126.0,,,2021,8,25
Running,2021-08-24 06:31:00,8.08,453.0,2024-08-12 00:46:33,153.0,178.0,175.0,195.0,,,24.0,166.0,0.99,9.0,2024-08-12 00:44:38,2024-08-12 00:46:33,-33.0,131.0,,,2021,8,24
Running,2021-08-23 13:12:00,7.01,393.0,2024-08-12 00:40:03,155.0,173.0,184.0,193.0,,,39.0,64.0,0.95,8.0,2024-08-12 00:40:01,2024-08-12 00:40:03,111.0,145.0,,,2021,8,23
Running,2021-08-21 06:49:00,7.34,511.0,2024-08-12 00:40:37,176.0,192.0,181.0,191.0,,,17.0,72.0,0.99,8.0,2024-08-12 00:40:21,2024-08-12 00:40:37,16.0,89.0,,,2021,8,21
Running,2021-08-19 06:22:00,15.11,905.0,2024-08-12 01:26:53,159.0,177.0,184.0,195.0,,,47.0,170.0,0.95,16.0,2024-08-12 01:26:42,2024-08-12 01:26:53,-18.0,117.0,,,2021,8,19
Running,2021-08-18 06:46:00,7.41,437.0,2024-08-12 00:40:41,158.0,174.0,187.0,200.0,,,13.0,65.0,0.97,8.0,2024-08-12 00:40:39,2024-08-12 00:40:41,57.0,125.0,,,2021,8,18
Running,2021-08-17 06:35:00,8.04,455.0,2024-08-12 00:45:15,151.0,165.0,183.0,191.0,,,13.0,78.0,0.97,9.0,2024-08-12 00:44:55,2024-08-12 00:45:15,51.0,132.0,,,2021,8,17
Running,2021-08-16 06:34:00,7.33,423.0,2024-08-12 00:42:30,150.0,169.0,178.0,187.0,,,18.0,78.0,0.97,8.0,2024-08-12 00:41:59,2024-08-12 00:42:30,40.0,116.0,,,2021,8,16
Running,2021-08-13 06:30:00,7.37,429.0,2024-08-12 00:41:43,153.0,177.0,182.0,196.0,,,18.0,71.0,0.97,8.0,2024-08-12 00:41:09,2024-08-12 00:41:43,30.0,102.0,,,2021,8,13
Running,2021-11-08 06:49:00,7.39,425.0,2024-08-12 00:42:11,152.0,173.0,182.0,191.0,,,16.0,81.0,0.96,8.0,2024-08-12 00:42:03,2024-08-12 00:42:11,34.0,114.0,,,2021,11,8
Running,2021-10-08 07:43:00,7.52,411.0,2024-08-12 00:42:24,147.0,169.0,184.0,195.0,,,27.0,65.0,0.96,8.0,2024-08-12 00:41:56,2024-08-12 00:42:24,86.0,142.0,,,2021,10,8
Running,2021-09-08 07:56:00,5.5,305.0,2024-08-12 00:30:41,149.0,169.0,186.0,198.0,,,7.0,64.0,0.96,6.0,2024-08-12 00:30:31,2024-08-12 00:30:41,102.0,168.0,,,2021,9,8
Running,2021-07-08 09:15:00,13.15,764.0,2024-08-12 01:13:59,156.0,171.0,179.0,193.0,,,45.0,156.0,0.99,14.0,2024-08-12 01:12:48,2024-08-12 01:13:59,-13.0,113.0,,,2021,7,8
Running,2021-04-08 07:52:00,7.39,461.0,2024-08-12 00:42:13,162.0,179.0,184.0,191.0,,,16.0,118.0,0.95,8.0,2024-08-12 00:42:11,2024-08-12 00:42:13,13.0,132.0,,,2021,4,8
Running,2021-03-08 07:37:00,7.1,448.0,2024-08-12 00:42:10,159.0,177.0,181.0,191.0,,,16.0,60.0,0.93,8.0,2024-08-12 00:42:03,2024-08-12 00:42:10,82.0,134.0,,,2021,3,8
Running,2021-07-27 07:21:00,11.13,674.0,2024-08-12 01:05:29,156.0,170.0,180.0,193.0,,,19.0,117.0,0.94,12.0,2024-08-12 01:05:26,2024-08-12 01:05:29,-94.0,18.0,,,2021,7,27
Running,2021-07-26 12:29:00,7.26,415.0,2024-08-12 00:41:38,148.0,172.0,183.0,193.0,,,25.0,36.0,0.95,8.0,2024-08-12 00:41:36,2024-08-12 00:41:38,-72.0,-53.0,,,2021,7,26
Running,2021-07-25 11:58:00,7.08,420.0,2024-08-12 00:39:13,157.0,174.0,185.0,200.0,,,20.0,32.0,0.98,8.0,2024-08-12 00:39:05,2024-08-12 00:39:13,-93.0,-72.0,,,2021,7,25
Running,2021-07-24 10:21:00,6.02,361.0,2024-08-12 00:34:47,153.0,169.0,186.0,196.0,,,29.0,51.0,0.93,7.0,2024-08-12 00:34:41,2024-08-12 00:34:47,35.0,84.0,,,2021,7,24
Running,2021-07-22 18:13:00,4.18,256.0,2024-08-12 00:24:01,157.0,174.0,182.0,191.0,,,16.0,60.0,0.96,5.0,2024-08-12 00:23:59,2024-08-12 00:24:01,37.0,99.0,,,2021,7,22
Running,2021-07-20 18:34:00,4.26,237.0,2024-08-12 00:23:59,146.0,165.0,181.0,191.0,,,12.0,54.0,0.98,5.0,2024-08-12 00:23:57,2024-08-12 00:23:59,50.0,104.0,,,2021,7,20
Running,2021-07-19 18:15:00,4.19,235.0,2024-08-12 00:23:18,150.0,162.0,182.0,196.0,,,12.0,61.0,0.98,5.0,2024-08-12 00:23:09,2024-08-12 00:23:18,48.0,111.0,,,2021,7,19
Running,2021-07-17 08:40:00,3.36,193.0,2024-08-12 00:20:22,144.0,164.0,179.0,189.0,,,5.0,59.0,0.92,4.0,2024-08-12 00:20:21,2024-08-12 00:20:22,8.0,69.0,,,2021,7,17
Running,2021-07-16 16:58:00,4.3,211.0,2024-08-12 00:23:05,138.0,154.0,182.0,196.0,,,,48.0,1.02,5.0,2024-08-12 00:22:57,2024-08-12 00:23:05,70.0,122.0,,,2021,7,16
Running,2021-07-15 18:32:00,3.3,189.0,2024-08-12 00:18:52,151.0,167.0,176.0,185.0,,,12.0,60.0,0.99,4.0,2024-08-12 00:18:45,2024-08-12 00:18:52,72.0,133.0,,,2021,7,15
Running,2021-07-14 18:18:00,3.62,206.0,2024-08-12 00:20:07,158.0,168.0,182.0,191.0,,,14.0,71.0,0.99,4.0,2024-08-12 00:20:00,2024-08-12 00:20:07,93.0,528.0,,,2021,7,14
Running,2021-06-28 07:45:00,5.01,305.0,2024-08-12 00:27:43,,,,,,,12.0,14.0,,1.0,,2024-08-12 00:27:43,,,,,2021,6,28
Running,2021-06-27 06:19:00,6.5,389.0,2024-08-12 00:35:38,,,,,,,12.0,16.0,,1.0,,2024-08-12 00:35:38,,,,,2021,6,27
Running,2021-06-26 09:15:00,5.01,276.0,2024-08-12 00:27:22,151.0,173.0,184.0,193.0,,,22.0,57.0,1.0,6.0,2024-08-12 00:27:15,2024-08-12 00:27:22,163.0,263.0,,,2021,6,26
Running,2021-06-23 07:38:00,4.49,215.0,2024-08-12 00:25:22,132.0,152.0,188.0,198.0,,,11.0,58.0,0.94,5.0,2024-08-12 00:25:17,2024-08-12 00:25:22,248.0,303.0,,,2021,6,23
Running,2021-06-22 07:27:00,7.21,432.0,2024-08-12 00:39:44,162.0,178.0,183.0,193.0,,,22.0,156.0,0.99,8.0,2024-08-12 00:39:37,2024-08-12 00:39:44,160.0,316.0,,,2021,6,22
Running,2021-06-21 07:16:00,5.72,330.0,2024-08-12 00:32:16,152.0,185.0,184.0,193.0,,,21.0,188.0,0.96,6.0,2024-08-12 00:32:14,2024-08-12 00:32:16,158.0,337.0,,,2021,6,21
Running,2021-06-18 07:09:00,5.1,297.0,2024-08-12 00:28:55,154.0,176.0,185.0,193.0,,,19.0,60.0,0.95,6.0,2024-08-12 00:28:51,2024-08-12 00:28:55,294.0,354.0,,,2021,6,18
Running,2021-06-17 07:11:00,5.01,301.0,2024-08-12 00:27:31,160.0,184.0,189.0,200.0,,,21.0,30.0,0.97,6.0,2024-08-12 00:27:29,2024-08-12 00:27:31,202.0,225.0,,,2021,6,17
Running,2021-06-16 07:03:00,4.04,233.0,2024-08-12 00:23:33,150.0,181.0,184.0,191.0,,,8.0,65.0,0.93,5.0,2024-08-12 00:23:28,2024-08-12 00:23:33,272.0,337.0,,,2021,6,16
Running,2021-06-15 07:09:00,4.11,244.0,2024-08-12 00:23:22,156.0,177.0,187.0,198.0,,,9.0,49.0,0.94,5.0,2024-08-12 00:23:21,2024-08-12 00:23:22,261.0,312.0,,,2021,6,15
Running,2021-05-25 07:11:00,5.01,264.0,2024-08-12 00:27:36,145.0,187.0,187.0,198.0,,,14.0,60.0,0.97,6.0,2024-08-12 00:27:34,2024-08-12 00:27:36,199.0,259.0,,,2021,5,25
Running,2021-05-24 07:10:00,4.37,250.0,2024-08-12 00:24:43,153.0,187.0,183.0,195.0,,,14.0,108.0,0.96,5.0,2024-08-12 00:24:41,2024-08-12 00:24:43,170.0,270.0,,,2021,5,24
Running,2021-05-21 06:55:00,4.1,252.0,2024-08-12 00:23:19,159.0,184.0,186.0,195.0,,,15.0,50.0,0.95,5.0,2024-08-12 00:23:10,2024-08-12 00:23:19,202.0,246.0,,,2021,5,21
Running,2021-05-18 07:24:00,4.22,250.0,2024-08-12 00:24:35,154.0,167.0,182.0,189.0,,,6.0,58.0,0.94,5.0,2024-08-12 00:24:34,2024-08-12 00:24:35,87.0,884.0,,,2021,5,18
Running,2021-05-14 17:43:00,4.11,244.0,2024-08-12 00:23:40,152.0,173.0,178.0,187.0,,,18.0,20.0,0.98,5.0,2024-08-12 00:23:35,2024-08-12 00:23:40,615.0,629.0,,,2021,5,14
Running,2021-10-03 06:57:00,9.81,708.0,2024-08-12 01:03:25,166.0,200.0,180.0,189.0,,,51.0,104.0,0.86,10.0,2024-08-12 01:03:23,2024-08-12 01:03:59,87.0,148.0,,,2021,10,3
Running,2021-08-03 06:56:00,6.27,346.0,2024-08-12 00:34:46,149.0,172.0,187.0,202.0,,,7.0,34.0,0.97,7.0,2024-08-12 00:34:41,2024-08-12 00:34:46,-17.0,19.0,,,2021,8,3
Running,2021-07-03 18:18:00,4.41,269.0,2024-08-12 00:36:09,133.0,149.0,162.0,193.0,,,12.0,28.0,0.75,5.0,2024-08-12 00:35:52,2024-08-12 00:36:09,9.0,29.0,,,2021,7,3
Running,2021-06-03 08:01:00,15.31,991.0,2024-08-12 01:28:19,165.0,192.0,185.0,195.0,,,67.0,75.0,0.94,16.0,2024-08-12 01:28:14,2024-08-12 01:28:19,-1.0,21.0,,,2021,6,3
Running,2021-05-03 20:09:00,4.61,247.0,2024-08-12 00:38:59,118.0,137.0,161.0,244.0,,,91.0,21.0,0.74,5.0,2024-08-12 00:38:53,2024-08-12 00:38:59,5.0,106.0,,,2021,5,3
Running,2021-02-26 07:01:00,11.01,668.0,2024-08-12 01:03:13,159.0,183.0,186.0,198.0,,,38.0,149.0,0.94,12.0,2024-08-12 01:03:05,2024-08-12 01:04:28,31.0,151.0,,,2021,2,26
Running,2021-02-25 17:43:00,3.01,244.0,2024-08-12 00:28:45,141.0,171.0,140.0,187.0,,,26.0,29.0,0.79,4.0,2024-08-12 00:27:07,2024-08-12 00:28:45,138.0,164.0,,,2021,2,25
Running,2021-02-24 07:41:00,11.12,672.0,2024-08-12 01:02:41,160.0,178.0,186.0,196.0,,,39.0,142.0,0.95,12.0,2024-08-12 01:02:25,2024-08-12 01:02:41,30.0,175.0,,,2021,2,24
Running,2021-02-23 07:40:00,9.01,516.0,2024-08-12 00:47:12,162.0,186.0,185.0,195.0,,,42.0,48.0,1.03,10.0,2024-08-12 00:47:03,2024-08-12 00:48:12,121.0,159.0,,,2021,2,23
Running,2021-02-21 07:19:00,14.02,803.0,2024-08-12 01:19:42,154.0,174.0,186.0,198.0,,,87.0,108.0,0.95,15.0,2024-08-12 01:19:36,2024-08-12 01:19:42,98.0,171.0,,,2021,2,21
Running,2021-02-20 08:10:00,8.02,473.0,2024-08-12 00:45:59,156.0,176.0,178.0,193.0,,,49.0,57.0,0.98,9.0,2024-08-12 00:44:29,2024-08-12 00:45:59,122.0,198.0,,,2021,2,20
Running,2021-02-18 07:09:00,8.01,468.0,2024-08-12 00:44:04,160.0,179.0,179.0,191.0,,,34.0,127.0,1.02,9.0,2024-08-12 00:43:10,2024-08-12 00:44:04,58.0,167.0,,,2021,2,18
Running,2021-02-17 17:51:00,4.07,302.0,2024-08-12 00:33:52,146.0,164.0,161.0,193.0,,,30.0,32.0,0.75,5.0,2024-08-12 00:32:44,2024-08-12 00:34:50,135.0,157.0,,,2021,2,17
Running,2021-02-16 07:22:00,7.44,468.0,2024-08-12 00:42:52,163.0,181.0,170.0,187.0,,,56.0,66.0,1.02,8.0,2024-08-12 00:40:36,2024-08-12 00:42:52,82.0,125.0,,,2021,2,16
Running,2021-02-15 07:14:00,8.02,476.0,2024-08-12 00:46:05,156.0,176.0,176.0,187.0,,,40.0,65.0,0.99,9.0,2024-08-12 00:45:19,2024-08-12 00:46:05,89.0,131.0,,,2021,2,15
Running,2021-12-02 06:56:00,18.01,,2024-08-12 01:44:48,162.0,183.0,183.0,196.0,,,134.0,145.0,0.94,19.0,2024-08-12 01:44:00,2024-08-12 01:44:48,92.0,176.0,,,2021,12,2
Running,2021-11-02 17:44:00,3.51,218.0,2024-08-12 00:32:00,122.0,145.0,149.0,187.0,,,43.0,51.0,0.74,4.0,2024-08-12 00:31:04,2024-08-12 00:32:00,149.0,165.0,,,2021,11,2
Running,2021-11-02 07:51:00,7.18,450.0,2024-08-12 00:40:53,162.0,184.0,180.0,193.0,,,33.0,98.0,0.98,8.0,2024-08-12 00:40:04,2024-08-12 00:40:53,75.0,155.0,,,2021,11,2
Running,2021-09-02 17:27:00,3.88,275.0,2024-08-12 00:45:09,120.0,158.0,113.0,186.0,,,37.0,45.0,0.86,4.0,2024-08-12 00:42:21,2024-08-12 00:48:24,138.0,161.0,,,2021,9,2
Running,2021-08-02 16:56:00,3.27,256.0,2024-08-12 00:27:13,149.0,166.0,179.0,187.0,,,30.0,50.0,0.67,4.0,2024-08-12 00:27:06,2024-08-12 00:27:13,128.0,148.0,,,2021,8,2
Running,2021-08-02 06:53:00,8.01,469.0,2024-08-12 00:46:35,151.0,164.0,183.0,198.0,,,36.0,61.0,0.94,9.0,2024-08-12 00:45:46,2024-08-12 00:46:35,110.0,148.0,,,2021,8,2
Running,2021-07-02 09:26:00,3.01,183.0,2024-08-12 00:25:26,128.0,150.0,177.0,187.0,,,35.0,29.0,0.67,4.0,2024-08-12 00:25:25,2024-08-12 00:25:26,151.0,164.0,,,2021,7,2
Running,2021-06-02 06:37:00,16.01,992.0,2024-08-12 01:29:55,165.0,184.0,183.0,196.0,,,99.0,195.0,0.98,17.0,2024-08-12 01:29:48,2024-08-12 01:29:55,54.0,154.0,,,2021,6,2
Running,2021-05-02 07:07:00,8.01,478.0,2024-08-12 00:45:12,157.0,171.0,181.0,196.0,,,49.0,71.0,0.98,9.0,2024-08-12 00:44:21,2024-08-12 00:45:12,99.0,139.0,,,2021,5,2
Running,2021-03-02 07:04:00,8.01,477.0,2024-08-12 00:45:14,156.0,171.0,184.0,191.0,,,40.0,59.0,0.96,9.0,2024-08-12 00:45:12,2024-08-12 00:45:14,124.0,168.0,,,2021,3,2
Running,2021-02-02 06:38:00,10.01,601.0,2024-08-12 00:54:28,163.0,186.0,180.0,189.0,,,81.0,43.0,1.02,11.0,2024-08-12 00:54:24,2024-08-12 00:54:28,67.0,108.0,,,2021,2,2
Running,2021-01-02 07:24:00,8.01,503.0,2024-08-12 00:45:38,162.0,186.0,179.0,195.0,,,55.0,78.0,0.98,9.0,2024-08-12 00:44:41,2024-08-12 00:45:38,134.0,180.0,,,2021,1,2
Running,2021-01-31 08:15:00,8.02,487.0,2024-08-12 00:45:03,159.0,172.0,182.0,191.0,,,63.0,73.0,0.98,9.0,2024-08-12 00:44:56,2024-08-12 00:45:03,139.0,179.0,,,2021,1,31
Running,2021-01-22 06:48:00,7.02,428.0,2024-08-12 00:41:09,154.0,169.0,180.0,195.0,,,39.0,53.0,0.95,8.0,2024-08-12 00:40:17,2024-08-12 00:41:09,134.0,172.0,,,2021,1,22
Running,2021-01-21 07:05:00,18.11,,2024-08-12 01:45:50,170.0,185.0,180.0,187.0,,,113.0,194.0,0.95,19.0,2024-08-12 01:45:42,2024-08-12 01:45:50,79.0,173.0,,,2021,1,21
Running,2021-01-19 07:04:00,6.95,464.0,2024-08-12 01:06:00,131.0,171.0,115.0,241.0,,,56.0,82.0,0.99,15.0,2024-08-12 00:51:09,2024-08-12 01:06:00,140.0,162.0,,,2021,1,19
Running,2021-01-17 07:05:00,8.25,464.0,2024-08-12 00:47:02,147.0,166.0,188.0,198.0,,,22.0,41.0,0.93,9.0,2024-08-12 00:46:57,2024-08-12 00:47:02,-15.0,41.0,,,2021,1,17
Running,2021-01-16 06:43:00,16.01,940.0,2024-08-12 01:31:20,155.0,181.0,186.0,198.0,,,46.0,67.0,0.94,17.0,2024-08-12 01:31:16,2024-08-12 01:31:20,0.0,39.0,,,2021,1,16
Running,2021-01-15 07:14:00,9.09,574.0,2024-08-12 00:50:56,166.0,191.0,181.0,193.0,,,45.0,66.0,0.99,11.0,2024-08-12 00:50:49,2024-08-12 00:50:56,132.0,179.0,,,2021,1,15
Running,2021-01-13 08:26:00,7.39,403.0,2024-08-12 00:42:16,146.0,175.0,176.0,189.0,,,39.0,51.0,0.99,8.0,2024-08-12 00:41:11,2024-08-12 00:42:16,16.0,55.0,,,2021,1,13
Running,2021-10-01 07:32:00,9.08,511.0,2024-08-12 00:52:16,146.0,169.0,186.0,200.0,,,15.0,40.0,0.93,10.0,2024-08-12 00:52:13,2024-08-12 00:52:16,10.0,43.0,,,2021,10,1
Running,2021-09-01 07:08:00,7.6,422.0,2024-08-12 00:42:35,148.0,180.0,182.0,195.0,,,22.0,66.0,0.98,8.0,2024-08-12 00:42:31,2024-08-12 00:42:35,-41.0,19.0,,,2021,9,1
Running,2021-08-01 07:06:00,13.01,800.0,2024-08-12 01:19:54,152.0,177.0,177.0,189.0,,,99.0,117.0,0.92,14.0,2024-08-12 01:18:01,2024-08-12 01:19:54,130.0,172.0,,,2021,8,1
Running,2021-07-01 07:25:00,4.35,240.0,2024-08-12 00:36:12,124.0,164.0,131.0,232.0,,,25.0,37.0,0.88,12.0,2024-08-12 00:34:26,2024-08-12 00:36:12,163.0,176.0,,,2021,7,1
Running,2021-06-01 07:30:00,7.19,446.0,2024-08-12 00:43:02,154.0,174.0,182.0,197.0,,,19.0,126.0,0.92,8.0,2024-08-12 00:42:47,2024-08-12 00:43:02,41.0,165.0,,,2021,6,1
Running,2020-12-29 07:15:00,16.02,998.0,2024-08-12 01:32:13,159.0,182.0,187.0,202.0,,,98.0,133.0,0.93,17.0,2024-08-12 01:31:59,2024-08-12 01:32:13,112.0,168.0,,,2020,12,29
Running,2020-12-28 20:26:00,7.55,421.0,2024-08-12 00:46:08,140.0,169.0,179.0,200.0,,,103.0,12.0,0.91,8.0,2024-08-12 00:46:06,2024-08-12 00:46:08,149.0,242.0,,,2020,12,28
Running,2020-12-25 07:13:00,7.28,402.0,2024-08-12 00:42:13,146.0,161.0,186.0,198.0,,,27.0,110.0,0.93,8.0,2024-08-12 00:42:07,2024-08-12 00:42:13,63.0,164.0,,,2020,12,25
Running,2020-12-24 11:57:00,10.4,649.0,2024-08-12 00:56:26,168.0,191.0,181.0,189.0,,,75.0,84.0,1.02,13.0,2024-08-12 00:56:07,2024-08-12 00:56:26,135.0,227.0,,,2020,12,24
Running,2020-12-23 07:26:00,14.01,882.0,2024-08-12 01:22:19,161.0,181.0,181.0,200.0,,,52.0,163.0,0.95,15.0,2024-08-12 01:20:11,2024-08-12 01:22:19,122.0,245.0,,,2020,12,23
Running,2020-12-22 19:39:00,7.26,414.0,2024-08-12 00:40:58,154.0,177.0,178.0,193.0,,,30.0,75.0,0.99,8.0,2024-08-12 00:40:03,2024-08-12 00:40:58,184.0,239.0,,,2020,12,22
Running,2020-12-18 19:11:00,10.01,607.0,2024-08-12 00:56:13,162.0,188.0,177.0,202.0,,,184.0,187.0,1.01,11.0,2024-08-12 00:53:09,2024-08-12 00:56:13,111.0,261.0,,,2020,12,18
Running,2020-12-17 07:47:00,12.01,723.0,2024-08-12 01:08:44,159.0,174.0,184.0,195.0,,,55.0,163.0,0.95,13.0,2024-08-12 01:07:49,2024-08-12 01:08:44,105.0,236.0,,,2020,12,17
Running,2020-12-16 16:04:00,7.21,435.0,2024-08-12 00:39:53,162.0,180.0,183.0,223.0,,,43.0,51.0,0.99,8.0,2024-08-12 00:38:30,2024-08-12 00:39:53,214.0,254.0,,,2020,12,16
Running,2020-10-12 07:42:00,10.03,590.0,2024-08-12 01:00:18,149.0,176.0,176.0,193.0,,,70.0,89.0,0.95,11.0,2024-08-12 00:58:39,2024-08-12 01:00:18,165.0,204.0,,,2020,10,12
Running,2020-09-12 07:53:00,9.25,552.0,2024-08-12 00:54:01,154.0,185.0,181.0,187.0,,,64.0,81.0,0.94,10.0,2024-08-12 00:53:56,2024-08-12 00:54:01,144.0,187.0,,,2020,9,12
Running,2020-07-12 19:16:00,5.01,276.0,2024-08-12 00:30:19,140.0,159.0,183.0,200.0,,,27.0,130.0,0.9,6.0,2024-08-12 00:29:58,2024-08-12 00:30:19,27.0,148.0,,,2020,7,12
Running,2020-04-12 06:54:00,6.5,406.0,2024-08-12 01:01:16,132.0,167.0,160.0,246.0,,,297.0,329.0,0.68,37.0,2024-08-12 00:56:48,2024-08-12 01:01:16,173.0,312.0,,,2020,4,12
Running,2020-03-12 07:32:00,8.16,466.0,2024-08-12 00:45:21,155.0,175.0,180.0,193.0,,,28.0,61.0,1.0,9.0,2024-08-12 00:44:39,2024-08-12 00:45:21,152.0,205.0,,,2020,3,12
Running,2020-02-12 06:48:00,11.04,626.0,2024-08-12 01:02:49,153.0,176.0,185.0,193.0,,,49.0,71.0,0.95,12.0,2024-08-12 01:02:34,2024-08-12 01:02:49,181.0,225.0,,,2020,2,12
Running,2020-01-12 07:37:00,7.44,438.0,2024-08-12 00:42:55,156.0,170.0,180.0,189.0,,,38.0,49.0,0.96,8.0,2024-08-12 00:42:45,2024-08-12 00:42:55,197.0,237.0,,,2020,1,12
Running,2020-11-26 08:38:00,7.37,413.0,2024-08-12 00:43:01,148.0,173.0,181.0,191.0,,,46.0,69.0,0.95,8.0,2024-08-12 00:42:25,2024-08-12 00:43:01,121.0,175.0,,,2020,11,26
Running,2020-11-25 07:44:00,7.66,461.0,2024-08-12 00:44:16,159.0,187.0,179.0,200.0,,,54.0,93.0,0.97,8.0,2024-08-12 00:43:35,2024-08-12 00:44:16,116.0,176.0,,,2020,11,25
Running,2020-11-24 14:10:00,5.02,285.0,2024-08-12 00:27:50,154.0,180.0,186.0,198.0,,,20.0,21.0,0.97,6.0,2024-08-12 00:27:43,2024-08-12 00:27:50,146.0,191.0,,,2020,11,24
Running,2020-11-23 19:06:00,8.01,433.0,2024-08-12 00:43:57,151.0,175.0,189.0,205.0,,,30.0,70.0,0.96,11.0,2024-08-12 00:43:53,2024-08-12 00:43:57,163.0,211.0,,,2020,11,23
Running,2020-11-20 07:16:00,1.68,136.0,2024-08-12 00:13:26,155.0,175.0,177.0,244.0,,,112.0,3.0,0.7,2.0,2024-08-12 00:13:24,2024-08-12 00:13:26,111.0,222.0,,,2020,11,20
Running,2020-11-19 13:12:00,5.02,290.0,2024-08-12 00:29:09,153.0,176.0,183.0,202.0,,,27.0,29.0,0.94,6.0,2024-08-12 00:29:08,2024-08-12 00:29:09,133.0,158.0,,,2020,11,19
Running,2020-11-18 07:34:00,6.78,402.0,2024-08-12 00:40:04,154.0,171.0,189.0,198.0,,,37.0,44.0,0.9,7.0,2024-08-12 00:39:56,2024-08-12 00:40:04,180.0,216.0,,,2020,11,18
Running,2020-11-17 08:22:00,6.0,351.0,2024-08-12 00:35:59,150.0,178.0,183.0,198.0,,,31.0,45.0,0.91,6.0,2024-08-12 00:35:52,2024-08-12 00:35:59,178.0,205.0,,,2020,11,17
Running,2020-11-13 06:30:00,21.35,,2024-08-12 02:05:05,162.0,187.0,186.0,198.0,,,138.0,205.0,0.92,22.0,2024-08-12 02:05:01,2024-08-12 02:05:05,93.0,179.0,,,2020,11,13
Running,2020-12-11 07:03:00,7.02,399.0,2024-08-12 00:39:36,154.0,178.0,181.0,198.0,,,32.0,46.0,0.98,8.0,2024-08-12 00:39:05,2024-08-12 00:39:36,123.0,160.0,,,2020,12,11
Running,2020-11-11 06:58:00,6.02,348.0,2024-08-12 00:34:14,154.0,181.0,186.0,200.0,,,25.0,49.0,0.95,7.0,2024-08-12 00:34:11,2024-08-12 00:34:14,114.0,171.0,,,2020,11,11
Running,2020-10-11 07:19:00,11.67,704.0,2024-08-12 01:08:32,157.0,188.0,181.0,205.0,,,53.0,78.0,0.94,12.0,2024-08-12 01:08:08,2024-08-12 01:08:32,6.0,159.0,,,2020,10,11
Running,2020-06-11 06:56:00,13.66,846.0,2024-08-12 01:21:27,160.0,176.0,180.0,189.0,,,70.0,162.0,0.93,14.0,2024-08-12 01:21:20,2024-08-12 01:21:27,48.0,162.0,,,2020,6,11
Running,2020-05-11 07:39:00,6.01,309.0,2024-08-12 00:31:48,151.0,169.0,195.0,212.0,,,11.0,48.0,0.97,7.0,2024-08-12 00:31:46,2024-08-12 00:31:48,127.0,181.0,,,2020,5,11
Running,2020-04-11 07:32:00,8.02,449.0,2024-08-12 00:44:49,155.0,179.0,186.0,209.0,,,26.0,58.0,0.96,9.0,2024-08-12 00:44:21,2024-08-12 00:44:49,104.0,197.0,,,2020,4,11
Running,2020-03-11 07:42:00,8.53,496.0,2024-08-12 00:50:01,154.0,181.0,181.0,198.0,,,41.0,43.0,0.94,9.0,2024-08-12 00:49:50,2024-08-12 00:50:01,189.0,219.0,,,2020,3,11
Running,2020-10-30 06:32:00,21.34,,2024-08-12 02:10:43,156.0,173.0,188.0,207.0,,,136.0,150.0,0.87,22.0,2024-08-12 02:10:31,2024-08-12 02:10:43,130.0,214.0,,,2020,10,30
Running,2020-10-29 06:45:00,9.04,518.0,2024-08-12 00:55:47,148.0,165.0,186.0,198.0,,,41.0,59.0,0.87,10.0,2024-08-12 00:55:44,2024-08-12 00:55:47,137.0,183.0,,,2020,10,29
Running,2020-10-28 06:44:00,8.11,459.0,2024-08-12 00:46:38,156.0,180.0,191.0,207.0,,,30.0,52.0,0.91,9.0,2024-08-12 00:46:29,2024-08-12 00:46:38,139.0,183.0,,,2020,10,28
Running,2020-10-27 07:37:00,10.05,590.0,2024-08-12 01:01:40,155.0,172.0,188.0,209.0,,,68.0,84.0,0.87,11.0,2024-08-12 01:00:55,2024-08-12 01:01:40,140.0,184.0,,,2020,10,27
Running,2020-10-23 06:45:00,21.24,,2024-08-12 02:32:27,155.0,185.0,184.0,205.0,,,112.0,129.0,0.75,22.0,2024-08-12 02:32:16,2024-08-12 02:32:27,146.0,213.0,,,2020,10,23
Running,2020-10-22 07:07:00,9.03,548.0,2024-08-12 00:59:14,154.0,167.0,182.0,195.0,,,44.0,74.0,0.84,10.0,2024-08-12 00:59:09,2024-08-12 00:59:14,184.0,230.0,,,2020,10,22
Running,2020-10-21 06:54:00,10.09,582.0,2024-08-12 01:03:41,151.0,167.0,184.0,197.0,,,55.0,85.0,0.86,11.0,2024-08-12 01:03:32,2024-08-12 01:03:41,149.0,219.0,,,2020,10,21
Running,2020-10-19 11:09:00,8.03,486.0,2024-08-12 00:51:58,154.0,167.0,185.0,195.0,,,45.0,35.0,0.83,9.0,2024-08-12 00:51:49,2024-08-12 00:51:58,121.0,165.0,,,2020,10,19
Running,2020-10-16 06:37:00,18.03,978.0,2024-08-12 01:53:07,152.0,169.0,185.0,195.0,,,83.0,114.0,0.86,19.0,2024-08-12 01:52:58,2024-08-12 01:53:07,118.0,169.0,,,2020,10,16
Running,2020-10-15 06:38:00,8.57,535.0,2024-08-12 00:58:07,153.0,177.0,180.0,187.0,,,53.0,73.0,0.82,9.0,2024-08-12 00:57:57,2024-08-12 00:58:07,92.0,184.0,,,2020,10,15
Running,2020-10-13 07:32:00,8.47,521.0,2024-08-12 00:57:19,154.0,173.0,181.0,189.0,,,34.0,67.0,0.82,9.0,2024-08-12 00:57:08,2024-08-12 00:57:19,99.0,134.0,,,2020,10,13
Running,2020-11-10 06:32:00,7.07,406.0,2024-08-12 00:45:23,146.0,161.0,180.0,189.0,,,25.0,58.0,0.86,8.0,2024-08-12 00:45:20,2024-08-12 00:45:23,-10.0,97.0,,,2020,11,10
Running,2020-09-10 06:33:00,11.03,628.0,2024-08-12 01:10:11,145.0,164.0,186.0,195.0,,,85.0,115.0,0.85,12.0,2024-08-12 01:09:59,2024-08-12 01:10:11,-34.0,71.0,,,2020,9,10
Running,2020-07-10 06:31:00,16.13,989.0,2024-08-12 01:43:38,155.0,185.0,182.0,193.0,,,90.0,119.0,0.86,17.0,2024-08-12 01:43:26,2024-08-12 01:43:38,-46.0,193.0,,,2020,7,10
Running,2020-05-10 15:06:00,7.15,421.0,2024-08-12 00:46:54,147.0,165.0,183.0,193.0,,,63.0,81.0,0.83,8.0,2024-08-12 00:46:44,2024-08-12 00:46:54,118.0,208.0,,,2020,5,10
Running,2020-02-10 07:33:00,11.19,632.0,2024-08-12 01:11:15,147.0,161.0,184.0,193.0,,,90.0,179.0,0.85,12.0,2024-08-12 01:11:05,2024-08-12 01:11:15,42.0,232.0,,,2020,2,10
Running,2020-09-30 06:53:00,14.01,806.0,2024-08-12 01:24:59,156.0,173.0,184.0,196.0,,,185.0,229.0,0.9,15.0,2024-08-12 01:24:48,2024-08-12 01:24:59,98.0,168.0,,,2020,9,30
Running,2020-09-29 07:25:00,6.36,366.0,2024-08-12 00:38:45,152.0,175.0,186.0,195.0,,,79.0,85.0,0.88,7.0,2024-08-12 00:38:34,2024-08-12 00:38:45,130.0,200.0,,,2020,9,29
Running,2020-09-28 15:36:00,6.49,393.0,2024-08-12 00:39:26,154.0,167.0,186.0,195.0,,,60.0,56.0,0.89,7.0,2024-08-12 00:39:25,2024-08-12 00:39:26,148.0,216.0,,,2020,9,28
Running,2020-09-25 07:09:00,6.02,369.0,2024-08-12 00:38:03,153.0,175.0,183.0,191.0,,,41.0,77.0,0.87,7.0,2024-08-12 00:37:53,2024-08-12 00:38:03,110.0,160.0,,,2020,9,25
Running,2020-09-24 06:53:00,11.07,711.0,2024-08-12 01:05:09,163.0,176.0,187.0,202.0,,,61.0,117.0,0.91,12.0,2024-08-12 01:05:07,2024-08-12 01:05:09,72.0,157.0,,,2020,9,24
Running,2020-09-22 07:11:00,13.06,743.0,2024-08-12 01:18:24,151.0,167.0,183.0,193.0,,,110.0,135.0,0.91,14.0,2024-08-12 01:18:12,2024-08-12 01:18:24,92.0,176.0,,,2020,9,22
Running,2020-09-21 15:47:00,6.04,373.0,2024-08-12 00:36:50,156.0,173.0,182.0,193.0,,,60.0,53.0,0.9,7.0,2024-08-12 00:36:41,2024-08-12 00:36:50,137.0,264.0,,,2020,9,21
Running,2020-09-17 07:10:00,13.02,769.0,2024-08-12 01:17:39,153.0,167.0,183.0,191.0,,,92.0,152.0,0.92,14.0,2024-08-12 01:17:27,2024-08-12 01:17:39,62.0,152.0,,,2020,9,17
Running,2020-09-16 14:10:00,5.03,304.0,2024-08-12 00:28:03,159.0,181.0,186.0,200.0,,,47.0,65.0,0.96,6.0,2024-08-12 00:27:56,2024-08-12 00:28:03,124.0,197.0,,,2020,9,16
Running,2020-09-15 06:52:00,6.6,361.0,2024-08-12 00:39:02,142.0,166.0,185.0,193.0,,,40.0,86.0,0.91,7.0,2024-08-12 00:39:00,2024-08-12 00:39:02,71.0,151.0,,,2020,9,15
Running,2020-09-14 15:07:00,5.09,291.0,2024-08-12 00:29:01,149.0,178.0,185.0,195.0,,,26.0,40.0,0.95,6.0,2024-08-12 00:28:52,2024-08-12 00:29:01,124.0,202.0,,,2020,9,14
Running,2020-11-09 07:27:00,5.08,286.0,2024-08-12 00:29:08,150.0,167.0,186.0,196.0,,,22.0,80.0,0.94,6.0,2024-08-12 00:29:05,2024-08-12 00:29:08,72.0,188.0,,,2020,11,9
Running,2020-10-09 07:26:00,8.24,511.0,2024-08-12 00:48:19,159.0,177.0,182.0,191.0,,,50.0,115.0,0.93,9.0,2024-08-12 00:48:08,2024-08-12 00:48:19,79.0,276.0,,,2020,10,9
Running,2020-08-09 07:23:00,10.27,607.0,2024-08-12 00:58:47,154.0,176.0,186.0,196.0,,,33.0,104.0,0.94,11.0,2024-08-12 00:58:36,2024-08-12 00:58:47,189.0,281.0,,,2020,8,9
Running,2020-07-09 13:14:00,5.03,312.0,2024-08-12 00:31:47,150.0,161.0,183.0,191.0,,,42.0,63.0,0.87,6.0,2024-08-12 00:31:38,2024-08-12 00:31:47,251.0,291.0,,,2020,7,9
Running,2020-04-09 07:23:00,5.03,313.0,2024-08-12 00:30:29,156.0,174.0,185.0,195.0,,,26.0,58.0,0.89,6.0,2024-08-12 00:30:19,2024-08-12 00:30:29,150.0,202.0,,,2020,4,9
Running,2020-03-09 07:26:00,8.12,494.0,2024-08-12 00:48:01,154.0,170.0,184.0,191.0,,,25.0,59.0,0.92,9.0,2024-08-12 00:47:56,2024-08-12 00:48:01,124.0,181.0,,,2020,3,9
Running,2020-02-09 07:31:00,5.3,302.0,2024-08-12 00:31:02,145.0,161.0,190.0,202.0,,,18.0,57.0,0.9,6.0,2024-08-12 00:31:01,2024-08-12 00:31:02,107.0,188.0,,,2020,2,9
Running,2020-08-31 16:20:00,8.2,527.0,2024-08-12 00:49:57,158.0,178.0,183.0,196.0,,,41.0,53.0,0.9,9.0,2024-08-12 00:49:48,2024-08-12 00:49:57,121.0,174.0,,,2020,8,31
Running,2020-08-28 07:54:00,5.27,337.0,2024-08-12 00:32:20,155.0,174.0,181.0,189.0,,,21.0,38.0,0.9,6.0,2024-08-12 00:32:12,2024-08-12 00:32:20,100.0,141.0,,,2020,8,28
Running,2020-08-27 13:02:00,5.01,338.0,2024-08-12 00:29:11,163.0,188.0,180.0,187.0,,,19.0,31.0,0.96,6.0,2024-08-12 00:29:03,2024-08-12 00:29:11,142.0,181.0,,,2020,8,27
Running,2020-08-26 08:11:00,5.09,315.0,2024-08-12 00:29:05,156.0,173.0,182.0,189.0,,,11.0,30.0,0.96,6.0,2024-08-12 00:28:55,2024-08-12 00:29:05,118.0,150.0,,,2020,8,26
Running,2020-08-25 13:12:00,5.1,304.0,2024-08-12 00:28:34,154.0,171.0,183.0,193.0,,,29.0,26.0,0.98,6.0,2024-08-12 00:28:27,2024-08-12 00:28:34,147.0,170.0,,,2020,8,25
Running,2020-08-21 08:03:00,4.1,297.0,2024-08-12 00:24:06,169.0,185.0,182.0,189.0,,,25.0,32.0,0.94,5.0,2024-08-12 00:24:05,2024-08-12 00:24:06,127.0,160.0,,,2020,8,21
Running,2020-08-18 07:45:00,4.14,259.0,2024-08-12 00:24:46,152.0,165.0,182.0,193.0,,,17.0,39.0,0.92,5.0,2024-08-12 00:24:44,2024-08-12 00:24:46,105.0,142.0,,,2020,8,18
Running,2020-08-17 15:38:00,4.33,280.0,2024-08-12 00:26:04,154.0,177.0,178.0,185.0,,,51.0,57.0,0.93,5.0,2024-08-12 00:26:01,2024-08-12 00:26:04,92.0,116.0,,,2020,8,17
Running,2020-08-14 07:56:00,2.24,148.0,2024-08-12 00:14:04,152.0,168.0,183.0,191.0,,,9.0,12.0,0.87,3.0,2024-08-12 00:13:56,2024-08-12 00:14:04,156.0,164.0,,,2020,8,14
Running,2020-08-13 07:53:00,3.5,217.0,2024-08-12 00:21:11,148.0,168.0,184.0,193.0,,,17.0,40.0,0.9,4.0,2024-08-12 00:21:09,2024-08-12 00:21:11,134.0,176.0,,,2020,8,13
Running,2020-11-08 07:42:00,2.23,138.0,2024-08-12 00:14:33,138.0,158.0,179.0,187.0,,,13.0,17.0,0.85,3.0,2024-08-12 00:14:25,2024-08-12 00:14:33,145.0,165.0,,,2020,11,8
Running,2020-10-08 13:02:00,3.36,212.0,2024-08-12 00:20:48,146.0,162.0,180.0,187.0,,,18.0,18.0,0.9,4.0,2024-08-12 00:20:44,2024-08-12 00:20:48,-131.0,163.0,,,2020,10,8
Running,2020-07-07 11:16:00,4.97,312.0,2024-08-12 00:28:50,154.0,166.0,183.0,193.0,,,20.0,21.0,0.94,5.0,2024-08-12 00:28:48,2024-08-12 00:28:50,-79.0,-56.0,,,2020,7,7
Running,2020-06-20 11:08:00,4.29,258.0,2024-08-12 00:24:41,149.0,168.0,183.0,193.0,,,31.0,33.0,0.95,5.0,2024-08-12 00:24:35,2024-08-12 00:24:41,-70.0,-44.0,,,2020,6,20
Running,2020-06-19 07:18:00,5.03,325.0,2024-08-12 00:30:03,153.0,167.0,182.0,193.0,,,23.0,24.0,0.94,6.0,2024-08-12 00:29:56,2024-08-12 00:30:03,-74.0,-47.0,,,2020,6,19
Running,2020-06-18 06:48:00,8.05,534.0,2024-08-12 00:50:29,153.0,169.0,184.0,193.0,,,32.0,39.0,0.87,9.0,2024-08-12 00:50:22,2024-08-12 00:50:29,-60.0,-30.0,,,2020,6,18
Running,2020-06-16 06:42:00,7.02,461.0,2024-08-12 00:43:07,152.0,166.0,181.0,195.0,,,37.0,38.0,0.9,8.0,2024-08-12 00:42:56,2024-08-12 00:43:07,-41.0,-13.0,,,2020,6,16
Running,2020-06-13 16:06:00,5.07,337.0,2024-08-12 00:32:28,150.0,163.0,177.0,185.0,,,17.0,19.0,0.88,6.0,2024-08-12 00:32:17,2024-08-12 00:32:28,-24.0,-16.0,,,2020,6,13
Running,2020-11-06 12:00:00,6.09,394.0,2024-08-12 00:39:03,146.0,163.0,178.0,191.0,,,28.0,24.0,0.87,7.0,2024-08-12 00:38:56,2024-08-12 00:39:03,-59.0,-36.0,,,2020,11,6
Running,2020-09-06 07:52:00,5.08,310.0,2024-08-12 00:31:03,141.0,155.0,178.0,185.0,,,24.0,26.0,0.92,6.0,2024-08-12 00:30:54,2024-08-12 00:31:03,-45.0,-19.0,,,2020,9,6
Running,2020-08-06 09:49:00,5.01,315.0,2024-08-12 00:30:14,147.0,167.0,178.0,185.0,,,22.0,24.0,0.93,6.0,2024-08-12 00:30:04,2024-08-12 00:30:14,-36.0,-11.0,,,2020,8,6
Running,2020-06-06 17:08:00,4.14,254.0,2024-08-12 00:24:00,147.0,163.0,176.0,185.0,,,22.0,25.0,0.98,5.0,2024-08-12 00:23:49,2024-08-12 00:24:00,-41.0,-15.0,,,2020,6,6
Running,2020-05-06 10:07:00,3.12,166.0,2024-08-12 00:15:49,145.0,158.0,180.0,187.0,,,17.0,16.0,1.1,4.0,2024-08-12 00:15:41,2024-08-12 00:15:49,-30.0,-12.0,,,2020,5,6
Running,2020-04-06 16:20:00,2.1,128.0,2024-08-12 00:12:48,139.0,153.0,174.0,183.0,,,13.0,12.0,0.94,3.0,2024-08-12 00:12:39,2024-08-12 00:12:48,-42.0,-11.0,,,2020,4,6
Running,2020-03-06 16:49:00,2.1,131.0,2024-08-12 00:12:38,144.0,159.0,176.0,186.0,,,9.0,9.0,0.95,3.0,2024-08-12 00:12:29,2024-08-12 00:12:38,-39.0,-30.0,,,2020,3,6
Running,2020-11-03 06:03:00,4.01,243.0,2024-08-12 00:23:25,148.0,172.0,183.0,196.0,,,22.0,21.0,0.93,5.0,2024-08-12 00:23:23,2024-08-12 00:23:25,-87.0,-62.0,,,2020,11,3
Running,2020-10-03 06:03:00,3.68,223.0,2024-08-12 00:21:15,143.0,160.0,181.0,189.0,,,13.0,15.0,0.95,4.0,2024-08-12 00:21:08,2024-08-12 00:21:30,-83.0,-66.0,,,2020,10,3
Running,2020-09-03 06:07:00,3.34,194.0,2024-08-12 00:19:34,136.0,152.0,182.0,192.0,,,22.0,19.0,0.94,4.0,2024-08-12 00:19:32,2024-08-12 00:19:34,-76.0,-53.0,,,2020,9,3
Running,2020-08-03 07:51:00,2.22,134.0,2024-08-12 00:13:01,141.0,160.0,183.0,193.0,,,16.0,15.0,0.93,3.0,2024-08-12 00:12:54,2024-08-12 00:13:01,-53.0,-36.0,,,2020,8,3
Running,2020-09-02 09:22:00,3.12,193.0,2024-08-12 00:17:51,149.0,167.0,180.0,187.0,,,7.0,4.0,0.97,4.0,2024-08-12 00:17:48,2024-08-12 00:17:51,18.0,24.0,,,2020,9,2
Running,2020-02-02 17:00:00,2.12,146.0,2024-08-12 00:13:24,150.0,167.0,183.0,191.0,,,2.0,2.0,0.86,3.0,2024-08-12 00:13:24,2024-08-12 00:13:24,6.0,23.0,,,2020,2,2
Running,2020-01-02 19:26:00,1.04,58.0,2024-08-12 06:03:30,133.0,149.0,177.0,185.0,,,,,0.97,2.0,2024-08-12 06:02:36,2024-08-12 06:03:30,13.0,17.0,,,2020,1,2
Running,2020-09-01 20:40:00,3.53,235.0,2024-08-12 00:20:52,155.0,172.0,180.0,189.0,,,22.0,20.0,0.94,4.0,2024-08-12 00:20:46,2024-08-12 00:20:52,245.0,265.0,,,2020,9,1
Running,2020-08-01 06:05:00,3.15,232.0,2024-08-12 00:18:53,165.0,179.0,181.0,189.0,,,13.0,13.0,0.92,4.0,2024-08-12 00:18:47,2024-08-12 00:18:53,256.0,272.0,,,2020,8,1
Running,2020-07-01 06:03:00,3.03,202.0,2024-08-12 00:19:00,146.0,168.0,181.0,191.0,,,14.0,17.0,0.88,4.0,2024-08-12 00:18:49,2024-08-12 00:19:00,266.0,284.0,,,2020,7,1
Running,2020-06-01 06:08:00,3.08,199.0,2024-08-12 00:18:52,144.0,164.0,179.0,191.0,,,26.0,26.0,0.91,4.0,2024-08-12 00:18:51,2024-08-12 00:18:52,243.0,281.0,,,2020,6,1
